strain	date	lineage
EPI_ISL_252740	EPI_ISL_252740	3C.2a2
EPI_ISL_258392	EPI_ISL_258392	3C.3a
EPI_ISL_259804	EPI_ISL_259804	3C.2a1
EPI_ISL_258358	EPI_ISL_258358	3C.2a1
EPI_ISL_258344	EPI_ISL_258344	3C.2a1
EPI_ISL_268305	EPI_ISL_268305	3C.2a1a
EPI_ISL_269024	EPI_ISL_269024	3C.2a1b.1
EPI_ISL_269771	EPI_ISL_269771	3C.2a1
EPI_ISL_277940	EPI_ISL_277940	3C.2a1b.1
EPI_ISL_284661	EPI_ISL_284661	3C.2a1b.1
EPI_ISL_283128	EPI_ISL_283128	3C.2a2
EPI_ISL_284907	EPI_ISL_284907	3C.2a2
EPI_ISL_283178	EPI_ISL_283178	3C.2a1b.1
EPI_ISL_296435	EPI_ISL_296435	3C.2a1
EPI_ISL_292541	EPI_ISL_292541	3C.2a4
EPI_ISL_292575	EPI_ISL_292575	3C.3a1
EPI_ISL_294252	EPI_ISL_294252	3C.2a2
EPI_ISL_298379	EPI_ISL_298379	3C.2a2
EPI_ISL_303093	EPI_ISL_303093	3C.2a1b.1
EPI_ISL_303068	EPI_ISL_303068	3C.2a1b.1
EPI_ISL_305809	EPI_ISL_305809	3C.3a1
EPI_ISL_305018	EPI_ISL_305018	3C.2a2
EPI_ISL_307872	EPI_ISL_307872	3C.2a1b.1
EPI_ISL_312267	EPI_ISL_312267	3C.2a2
EPI_ISL_314925	EPI_ISL_314925	3C.2a1b.1
EPI_ISL_314014	EPI_ISL_314014	3C.2a1
EPI_ISL_322718	EPI_ISL_322718	3C.2a2
EPI_ISL_322728	EPI_ISL_322728	3C.2a1b.1
EPI_ISL_396179	EPI_ISL_396179	3C.2a2
EPI_ISL_332171	EPI_ISL_332171	3C.2a1b.2
EPI_ISL_335436	EPI_ISL_335436	3C.2a1b.2
EPI_ISL_339839	EPI_ISL_339839	3C.2a1b.2b
EPI_ISL_339838	EPI_ISL_339838	3C.2a2
EPI_ISL_339720	EPI_ISL_339720	3C.2a1b.2b
EPI_ISL_346283	EPI_ISL_346283	3C.2a1b.2
EPI_ISL_351791	EPI_ISL_351791	3C.3a1
EPI_ISL_363881	EPI_ISL_363881	3C.2a3
EPI_ISL_363971	EPI_ISL_363971	3C.2a1b.1b
EPI_ISL_363864	EPI_ISL_363864	3C.2a1b.2b
EPI_ISL_377302	EPI_ISL_377302	3C.2a1b.1b
EPI_ISL_389563	EPI_ISL_389563	3C.2a1b.2b
EPI_ISL_398842	EPI_ISL_398842	3C.2a1b.1b
EPI_ISL_397301	EPI_ISL_397301	3C.2a1b.2a
EPI_ISL_404076	EPI_ISL_404076	3C.2a1b.1b
EPI_ISL_410589	EPI_ISL_410589	3C.2a1b.1b
EPI_ISL_411135	EPI_ISL_411135	3C.2a1b.2a
EPI_ISL_424836	EPI_ISL_424836	3C.2a1b.1a
EPI_ISL_483574	EPI_ISL_483574	1
EPI_ISL_458288	EPI_ISL_458288	3C.2a1b.1a
EPI_ISL_506029	EPI_ISL_506029	3C.2a1b.2a
EPI_ISL_584120	EPI_ISL_584120	3C.2a1b.1b
EPI_ISL_3723515	EPI_ISL_3723515	2
EPI_ISL_2365362	EPI_ISL_2365362	2
EPI_ISL_2365361	EPI_ISL_2365361	2
EPI_ISL_2365360	EPI_ISL_2365360	3C.2a1b.2a
EPI_ISL_2365359	EPI_ISL_2365359	2d
EPI_ISL_2365358	EPI_ISL_2365358	2
EPI_ISL_2365356	EPI_ISL_2365356	2
EPI_ISL_1718310	EPI_ISL_1718310	2d
EPI_ISL_1718307	EPI_ISL_1718307	2d
EPI_ISL_1718306	EPI_ISL_1718306	2
EPI_ISL_1246963	EPI_ISL_1246963	3C.2a1b.2a
EPI_ISL_1246959	EPI_ISL_1246959	2
EPI_ISL_3372559	EPI_ISL_3372559	3C.2a1b.1b
EPI_ISL_2800343	EPI_ISL_2800343	2c
EPI_ISL_2800342	EPI_ISL_2800342	2d
EPI_ISL_956338	EPI_ISL_956338	2d
EPI_ISL_1913253	EPI_ISL_1913253	2a
EPI_ISL_3723499	EPI_ISL_3723499	2a.2
EPI_ISL_3723514	EPI_ISL_3723514	2a.2
EPI_ISL_3797777	EPI_ISL_3797777	3C.2a1b.1a
EPI_ISL_3797776	EPI_ISL_3797776	2a.1
EPI_ISL_2234358	EPI_ISL_2234358	2a
EPI_ISL_2234357	EPI_ISL_2234357	2a
EPI_ISL_1760817	EPI_ISL_1760817	2
EPI_ISL_1760813	EPI_ISL_1760813	2
EPI_ISL_1055767	EPI_ISL_1055767	2
EPI_ISL_860634	EPI_ISL_860634	2
EPI_ISL_2178976	EPI_ISL_2178976	2a.2
EPI_ISL_1647861	EPI_ISL_1647861	3C.2a1b.1a
EPI_ISL_1367590	EPI_ISL_1367590	3C.2a1b.1a
EPI_ISL_1367588	EPI_ISL_1367588	3C.2a1b.1a
EPI_ISL_1296491	EPI_ISL_1296491	2
EPI_ISL_1015484	EPI_ISL_1015484	2
EPI_ISL_767337	EPI_ISL_767337	2
EPI_ISL_3479384	EPI_ISL_3479384	3C.2a1b.2a
EPI_ISL_3950037	EPI_ISL_3950037	2a.3
EPI_ISL_2625815	EPI_ISL_2625815	3C.2a1b.1a
EPI_ISL_2625814	EPI_ISL_2625814	3C.2a1b.1a
EPI_ISL_2625813	EPI_ISL_2625813	3C.2a1b.1a
EPI_ISL_2625812	EPI_ISL_2625812	3C.2a1b.1a
EPI_ISL_2625811	EPI_ISL_2625811	3C.2a1b.1a
EPI_ISL_882872	EPI_ISL_882872	3C.2a1b.1a
EPI_ISL_1296354	EPI_ISL_1296354	2
EPI_ISL_1064138	EPI_ISL_1064138	2
EPI_ISL_1064134	EPI_ISL_1064134	2
EPI_ISL_1064127	EPI_ISL_1064127	2
EPI_ISL_1296317	EPI_ISL_1296317	3C.2a1b.1a
EPI_ISL_1296315	EPI_ISL_1296315	3C.2a1b.1a
EPI_ISL_1296311	EPI_ISL_1296311	3C.2a1b.1a
EPI_ISL_1296309	EPI_ISL_1296309	3C.2a1b.1a
EPI_ISL_2932453	EPI_ISL_2932453	2
EPI_ISL_2233244	EPI_ISL_2233244	2
EPI_ISL_3794349	EPI_ISL_3794349	2c
EPI_ISL_1296489	EPI_ISL_1296489	1a
EPI_ISL_1732523	EPI_ISL_1732523	2c
EPI_ISL_3534324	EPI_ISL_3534324	3C.2a1b.1a
EPI_ISL_3534323	EPI_ISL_3534323	3C.2a1b.1a
EPI_ISL_3534322	EPI_ISL_3534322	3C.2a1b.1a
EPI_ISL_2245467	EPI_ISL_2245467	1a
EPI_ISL_2245466	EPI_ISL_2245466	1a
EPI_ISL_2245465	EPI_ISL_2245465	1a
EPI_ISL_2245464	EPI_ISL_2245464	1a
EPI_ISL_2245463	EPI_ISL_2245463	1a
EPI_ISL_2245462	EPI_ISL_2245462	1a
EPI_ISL_2245461	EPI_ISL_2245461	3C.2a1b.1b
EPI_ISL_2245460	EPI_ISL_2245460	1a
EPI_ISL_2245459	EPI_ISL_2245459	1a
EPI_ISL_3184705	EPI_ISL_3184705	2d
EPI_ISL_3184704	EPI_ISL_3184704	2d
EPI_ISL_3184703	EPI_ISL_3184703	2d
EPI_ISL_3184702	EPI_ISL_3184702	2d
EPI_ISL_3184701	EPI_ISL_3184701	2d
EPI_ISL_3184700	EPI_ISL_3184700	2d
EPI_ISL_3184699	EPI_ISL_3184699	2d
EPI_ISL_3085357	EPI_ISL_3085357	2
EPI_ISL_2918671	EPI_ISL_2918671	2d
EPI_ISL_2918670	EPI_ISL_2918670	2d
EPI_ISL_2918669	EPI_ISL_2918669	2d
EPI_ISL_2918668	EPI_ISL_2918668	2d
EPI_ISL_2918667	EPI_ISL_2918667	2d
EPI_ISL_2918665	EPI_ISL_2918665	2d
EPI_ISL_2918663	EPI_ISL_2918663	2d
EPI_ISL_2918661	EPI_ISL_2918661	2
EPI_ISL_2918660	EPI_ISL_2918660	2
EPI_ISL_2918659	EPI_ISL_2918659	2d
EPI_ISL_2918656	EPI_ISL_2918656	2d
EPI_ISL_2918653	EPI_ISL_2918653	2
EPI_ISL_2918651	EPI_ISL_2918651	2d
EPI_ISL_3571238	EPI_ISL_3571238	2a.2
EPI_ISL_3534319	EPI_ISL_3534319	2a
EPI_ISL_3101063	EPI_ISL_3101063	1
EPI_ISL_3101005	EPI_ISL_3101005	1
EPI_ISL_3101004	EPI_ISL_3101004	1
EPI_ISL_3101003	EPI_ISL_3101003	1
EPI_ISL_3101002	EPI_ISL_3101002	1
EPI_ISL_3101001	EPI_ISL_3101001	1
EPI_ISL_3100996	EPI_ISL_3100996	1
EPI_ISL_3100993	EPI_ISL_3100993	1
EPI_ISL_3100992	EPI_ISL_3100992	1
EPI_ISL_3100991	EPI_ISL_3100991	1
EPI_ISL_2932602	EPI_ISL_2932602	1
EPI_ISL_4005779	EPI_ISL_4005779	2c
EPI_ISL_4005773	EPI_ISL_4005773	2c
EPI_ISL_4005768	EPI_ISL_4005768	2a.3
EPI_ISL_4005767	EPI_ISL_4005767	2c
EPI_ISL_3534325	EPI_ISL_3534325	2d
EPI_ISL_3534318	EPI_ISL_3534318	2c
EPI_ISL_3534316	EPI_ISL_3534316	2d
EPI_ISL_1296360	EPI_ISL_1296360	2
EPI_ISL_4005760	EPI_ISL_4005760	3C.2a1b.1a
EPI_ISL_4005753	EPI_ISL_4005753	3C.2a1b.1a
EPI_ISL_4005751	EPI_ISL_4005751	3C.2a1b.1a
EPI_ISL_4005765	EPI_ISL_4005765	2a
EPI_ISL_4005764	EPI_ISL_4005764	2a
EPI_ISL_2932740	EPI_ISL_2932740	2
EPI_ISL_477592	EPI_ISL_477592	3C.2a1b.2b
EPI_ISL_3102211	EPI_ISL_3102211	2c
EPI_ISL_3102209	EPI_ISL_3102209	2c
EPI_ISL_3950044	EPI_ISL_3950044	2a.3
EPI_ISL_3837459	EPI_ISL_3837459	2a.3a
EPI_ISL_3837458	EPI_ISL_3837458	2a.3
EPI_ISL_3837455	EPI_ISL_3837455	2a
EPI_ISL_3837384	EPI_ISL_3837384	2a.3
EPI_ISL_3837348	EPI_ISL_3837348	2a.3
EPI_ISL_3837314	EPI_ISL_3837314	2a.3
EPI_ISL_3801278	EPI_ISL_3801278	3C.2a1b.2a
EPI_ISL_2932607	EPI_ISL_2932607	2a
EPI_ISL_2932606	EPI_ISL_2932606	2a
EPI_ISL_2932603	EPI_ISL_2932603	1
EPI_ISL_2621726	EPI_ISL_2621726	1
EPI_ISL_2621725	EPI_ISL_2621725	1
EPI_ISL_2233241	EPI_ISL_2233241	2a
EPI_ISL_2233234	EPI_ISL_2233234	2a
EPI_ISL_1563629	EPI_ISL_1563629	2a
EPI_ISL_1292812	EPI_ISL_1292812	1
EPI_ISL_3355458	EPI_ISL_3355458	3C.3a
EPI_ISL_944639	EPI_ISL_944639	1a
EPI_ISL_514683	EPI_ISL_514683	3C.2a1b.1b
EPI_ISL_3950047	EPI_ISL_3950047	3C.2a1b.1a
EPI_ISL_3950046	EPI_ISL_3950046	2a
EPI_ISL_3836431	EPI_ISL_3836431	3C.2a1b.1a
EPI_ISL_4537562	EPI_ISL_4537562	2a.3
EPI_ISL_4237003	EPI_ISL_4237003	2a.2
EPI_ISL_6437359	EPI_ISL_6437359	2a.3
EPI_ISL_6189580	EPI_ISL_6189580	2a.3
EPI_ISL_6437356	EPI_ISL_6437356	2a.3
EPI_ISL_4525906	EPI_ISL_4525906	2a.3
EPI_ISL_6189545	EPI_ISL_6189545	2a.3
EPI_ISL_6437361	EPI_ISL_6437361	2a.3
EPI_ISL_5166672	EPI_ISL_5166672	2a.3
EPI_ISL_4969110	EPI_ISL_4969110	2a.3
EPI_ISL_5782457	EPI_ISL_5782457	2a.3
EPI_ISL_5166666	EPI_ISL_5166666	2a.3
EPI_ISL_5782456	EPI_ISL_5782456	2a.3
EPI_ISL_5056431	EPI_ISL_5056431	2a.2
EPI_ISL_6829573	EPI_ISL_6829573	2a.2
EPI_ISL_4105991	EPI_ISL_4105991	2a.2
EPI_ISL_6180294	EPI_ISL_6180294	2a.2
EPI_ISL_5522641	EPI_ISL_5522641	2a.2
EPI_ISL_5935498	EPI_ISL_5935498	2a.3
EPI_ISL_5935489	EPI_ISL_5935489	2a.3
EPI_ISL_5935360	EPI_ISL_5935360	2a.3
EPI_ISL_5935288	EPI_ISL_5935288	2a.3
EPI_ISL_5935277	EPI_ISL_5935277	2
EPI_ISL_4809699	EPI_ISL_4809699	2a.2
EPI_ISL_4473225	EPI_ISL_4473225	2a.2
EPI_ISL_5135324	EPI_ISL_5135324	3C.2a1b.1b
EPI_ISL_5135311	EPI_ISL_5135311	3C.2a1b.1b
EPI_ISL_5743010	EPI_ISL_5743010	2a.1
EPI_ISL_6227753	EPI_ISL_6227753	2a.2
EPI_ISL_5175223	EPI_ISL_5175223	2a.2
EPI_ISL_5526904	EPI_ISL_5526904	2a.3
EPI_ISL_6075502	EPI_ISL_6075502	2a.1
EPI_ISL_6075500	EPI_ISL_6075500	2a.1
EPI_ISL_6075496	EPI_ISL_6075496	2a.1
EPI_ISL_6075494	EPI_ISL_6075494	2a
EPI_ISL_6854998	EPI_ISL_6854998	2a.1a
EPI_ISL_6854994	EPI_ISL_6854994	2a.1a
EPI_ISL_6854991	EPI_ISL_6854991	2a.1a
EPI_ISL_6854990	EPI_ISL_6854990	2a.1a
EPI_ISL_6854987	EPI_ISL_6854987	2a.1a
EPI_ISL_5412074	EPI_ISL_5412074	2a.1a
EPI_ISL_5412071	EPI_ISL_5412071	2a.1a
EPI_ISL_5412066	EPI_ISL_5412066	2a.1a
EPI_ISL_5412059	EPI_ISL_5412059	2a.1a
EPI_ISL_5412058	EPI_ISL_5412058	2a.1a
EPI_ISL_5412056	EPI_ISL_5412056	2a.1a
EPI_ISL_5412053	EPI_ISL_5412053	2a.1a
EPI_ISL_5412042	EPI_ISL_5412042	2a.1a
EPI_ISL_4702770	EPI_ISL_4702770	2a.1a
EPI_ISL_4702769	EPI_ISL_4702769	2a.1a
EPI_ISL_4702755	EPI_ISL_4702755	2c
EPI_ISL_4702754	EPI_ISL_4702754	2c
EPI_ISL_6157769	EPI_ISL_6157769	2a.2
EPI_ISL_6852550	EPI_ISL_6852550	2a.3
EPI_ISL_6852209	EPI_ISL_6852209	2a.3
EPI_ISL_4537046	EPI_ISL_4537046	2a
EPI_ISL_5419125	EPI_ISL_5419125	2a.3
EPI_ISL_5419124	EPI_ISL_5419124	2a
EPI_ISL_5419122	EPI_ISL_5419122	2a
EPI_ISL_5419120	EPI_ISL_5419120	2a.3
EPI_ISL_5419118	EPI_ISL_5419118	2a.3b
EPI_ISL_5419117	EPI_ISL_5419117	2a.3
EPI_ISL_5419114	EPI_ISL_5419114	2a.3
EPI_ISL_5419108	EPI_ISL_5419108	2a.3
EPI_ISL_5419107	EPI_ISL_5419107	2a
EPI_ISL_5419105	EPI_ISL_5419105	2a.3
EPI_ISL_5419103	EPI_ISL_5419103	2a
EPI_ISL_5419101	EPI_ISL_5419101	2a
EPI_ISL_5419100	EPI_ISL_5419100	2a.3a
EPI_ISL_5419099	EPI_ISL_5419099	2a
EPI_ISL_5419098	EPI_ISL_5419098	2c
EPI_ISL_6424987	EPI_ISL_6424987	2a.3b
EPI_ISL_6424986	EPI_ISL_6424986	2a
EPI_ISL_4373562	EPI_ISL_4373562	3C.2a1b.1a
EPI_ISL_6306706	EPI_ISL_6306706	2a.1a
EPI_ISL_6600759	EPI_ISL_6600759	2a.1a
EPI_ISL_6306578	EPI_ISL_6306578	2a.1
EPI_ISL_5979547	EPI_ISL_5979547	2
EPI_ISL_4373590	EPI_ISL_4373590	2a
EPI_ISL_5069995	EPI_ISL_5069995	2a.3
EPI_ISL_6306633	EPI_ISL_6306633	2a.1a
EPI_ISL_5933276	EPI_ISL_5933276	3C.3a
EPI_ISL_5983954	EPI_ISL_5983954	3C.2a1b.1
EPI_ISL_5984059	EPI_ISL_5984059	1a
EPI_ISL_5984046	EPI_ISL_5984046	1a
EPI_ISL_5984020	EPI_ISL_5984020	1a
EPI_ISL_5983995	EPI_ISL_5983995	1a
EPI_ISL_5327628	EPI_ISL_5327628	1a
EPI_ISL_5327627	EPI_ISL_5327627	1a
EPI_ISL_5327625	EPI_ISL_5327625	1a
EPI_ISL_5327623	EPI_ISL_5327623	1a
EPI_ISL_5327619	EPI_ISL_5327619	1a
EPI_ISL_5327614	EPI_ISL_5327614	1a
EPI_ISL_4221817	EPI_ISL_4221817	1a
EPI_ISL_4221815	EPI_ISL_4221815	1a
EPI_ISL_4221813	EPI_ISL_4221813	1a
EPI_ISL_4221811	EPI_ISL_4221811	1a
EPI_ISL_4221806	EPI_ISL_4221806	1a
EPI_ISL_4221804	EPI_ISL_4221804	1a
EPI_ISL_4221802	EPI_ISL_4221802	1a
EPI_ISL_4221800	EPI_ISL_4221800	1a
EPI_ISL_4221798	EPI_ISL_4221798	1a
EPI_ISL_4221797	EPI_ISL_4221797	1a
EPI_ISL_4036582	EPI_ISL_4036582	2a
EPI_ISL_4373446	EPI_ISL_4373446	2d
EPI_ISL_4080569	EPI_ISL_4080569	2
EPI_ISL_5365813	EPI_ISL_5365813	2c
EPI_ISL_5365814	EPI_ISL_5365814	2c
EPI_ISL_6075490	EPI_ISL_6075490	2c
EPI_ISL_6075486	EPI_ISL_6075486	2a
EPI_ISL_6075485	EPI_ISL_6075485	2c
EPI_ISL_6075484	EPI_ISL_6075484	2
EPI_ISL_6075479	EPI_ISL_6075479	2c
EPI_ISL_6075477	EPI_ISL_6075477	2c
EPI_ISL_5365842	EPI_ISL_5365842	2c
EPI_ISL_5365841	EPI_ISL_5365841	2c
EPI_ISL_5365840	EPI_ISL_5365840	2c
EPI_ISL_5365834	EPI_ISL_5365834	2c
EPI_ISL_5365832	EPI_ISL_5365832	2c
EPI_ISL_4005784	EPI_ISL_4005784	2c
EPI_ISL_6698581	EPI_ISL_6698581	2c
EPI_ISL_6698580	EPI_ISL_6698580	2c
EPI_ISL_6698579	EPI_ISL_6698579	2a.3
EPI_ISL_6424989	EPI_ISL_6424989	2a.3
EPI_ISL_6424988	EPI_ISL_6424988	2a.3
EPI_ISL_5933274	EPI_ISL_5933274	2a.3
EPI_ISL_5933273	EPI_ISL_5933273	2c
EPI_ISL_5933272	EPI_ISL_5933272	2a.3
EPI_ISL_5522632	EPI_ISL_5522632	2a.3a
EPI_ISL_4761846	EPI_ISL_4761846	2a.3
EPI_ISL_4761845	EPI_ISL_4761845	2a.3
EPI_ISL_4761844	EPI_ISL_4761844	2a.3
EPI_ISL_4036584	EPI_ISL_4036584	2a.3
EPI_ISL_4036583	EPI_ISL_4036583	2a.3
EPI_ISL_5984033	EPI_ISL_5984033	1a
EPI_ISL_5327629	EPI_ISL_5327629	1a
EPI_ISL_5327622	EPI_ISL_5327622	1a
EPI_ISL_5327621	EPI_ISL_5327621	1a
EPI_ISL_5327618	EPI_ISL_5327618	1a
EPI_ISL_5327616	EPI_ISL_5327616	1a
EPI_ISL_4760584	EPI_ISL_4760584	1a
EPI_ISL_4197191	EPI_ISL_4197191	1a
EPI_ISL_8480671	EPI_ISL_8480671	2a.3
EPI_ISL_8125099	EPI_ISL_8125099	2a.3
EPI_ISL_7896992	EPI_ISL_7896992	2a.3
EPI_ISL_8452433	EPI_ISL_8452433	3C.2a1b.1a
EPI_ISL_7602443	EPI_ISL_7602443	3C.2a1b.1a
EPI_ISL_7637944	EPI_ISL_7637944	2a.1
EPI_ISL_6940687	EPI_ISL_6940687	2a.2
EPI_ISL_8377538	EPI_ISL_8377538	2a.1
EPI_ISL_8377575	EPI_ISL_8377575	2a.1
EPI_ISL_7637974	EPI_ISL_7637974	2a.3
EPI_ISL_7483848	EPI_ISL_7483848	2a
EPI_ISL_8152178	EPI_ISL_8152178	2a.3
EPI_ISL_7992217	EPI_ISL_7992217	2a.1
EPI_ISL_6915273	EPI_ISL_6915273	2a.1
EPI_ISL_6915270	EPI_ISL_6915270	2a.1
EPI_ISL_8035424	EPI_ISL_8035424	2a.3
EPI_ISL_6940691	EPI_ISL_6940691	2a
EPI_ISL_7602540	EPI_ISL_7602540	2a.1a
EPI_ISL_7602555	EPI_ISL_7602555	2
EPI_ISL_7602547	EPI_ISL_7602547	2a.1a
EPI_ISL_7260405	EPI_ISL_7260405	2a.3
EPI_ISL_6915293	EPI_ISL_6915293	2a.3
EPI_ISL_6915292	EPI_ISL_6915292	2a.3
EPI_ISL_6915282	EPI_ISL_6915282	2a.3
EPI_ISL_7257674	EPI_ISL_7257674	3C.2a1b.1b
EPI_ISL_7257660	EPI_ISL_7257660	3C.2a1b.1b
EPI_ISL_7257636	EPI_ISL_7257636	3C.2a1b.1b
EPI_ISL_7257594	EPI_ISL_7257594	3C.2a1b.1b
EPI_ISL_7260223	EPI_ISL_7260223	2a.3
EPI_ISL_7458492	EPI_ISL_7458492	3C.2a1b.1a
EPI_ISL_8152167	EPI_ISL_8152167	2a.3
EPI_ISL_8152070	EPI_ISL_8152070	2a.3
EPI_ISL_8035509	EPI_ISL_8035509	2a.3
EPI_ISL_8035463	EPI_ISL_8035463	2a.3
EPI_ISL_8035431	EPI_ISL_8035431	2a.3
EPI_ISL_7458683	EPI_ISL_7458683	2c
EPI_ISL_8717253	EPI_ISL_8717253	2a.2
EPI_ISL_8609231	EPI_ISL_8609231	2a.3
EPI_ISL_8609169	EPI_ISL_8609169	2a.3
EPI_ISL_8808393	EPI_ISL_8808393	3C.2a1b.1a
EPI_ISL_8808392	EPI_ISL_8808392	3C.2a1b.1a
EPI_ISL_8636658	EPI_ISL_8636658	3C.2a1b.1a
EPI_ISL_8636654	EPI_ISL_8636654	3C.2a1b.1a
EPI_ISL_8636644	EPI_ISL_8636644	3C.2a1b.1a
EPI_ISL_8636643	EPI_ISL_8636643	3C.2a1b.1a
EPI_ISL_8636640	EPI_ISL_8636640	3C.2a1b.1a
EPI_ISL_8636639	EPI_ISL_8636639	3C.2a1b.1a
EPI_ISL_8636638	EPI_ISL_8636638	3C.2a1b.1a
EPI_ISL_8636635	EPI_ISL_8636635	3C.2a1b.1a
EPI_ISL_8557750	EPI_ISL_8557750	3C.2a1b.1a
EPI_ISL_8557749	EPI_ISL_8557749	3C.2a1b.1a
EPI_ISL_8812929	EPI_ISL_8812929	2a
EPI_ISL_8812399	EPI_ISL_8812399	2a
EPI_ISL_8576429	EPI_ISL_8576429	2a.1
EPI_ISL_8576448	EPI_ISL_8576448	2a.3
EPI_ISL_8814493	EPI_ISL_8814493	2a.1
EPI_ISL_8814489	EPI_ISL_8814489	2a.1a
EPI_ISL_8814251	EPI_ISL_8814251	2a.1a
EPI_ISL_8814248	EPI_ISL_8814248	2a.1a
EPI_ISL_8814393	EPI_ISL_8814393	2a.1a
EPI_ISL_8636633	EPI_ISL_8636633	2a.1a
EPI_ISL_8814233	EPI_ISL_8814233	2a.3
EPI_ISL_8636589	EPI_ISL_8636589	2a.1a
EPI_ISL_8636542	EPI_ISL_8636542	2a.1a
EPI_ISL_8636612	EPI_ISL_8636612	2a.1a
EPI_ISL_8814304	EPI_ISL_8814304	2a.1a
EPI_ISL_8557856	EPI_ISL_8557856	2a.1a
EPI_ISL_8814205	EPI_ISL_8814205	2a.1a
EPI_ISL_8814263	EPI_ISL_8814263	2a.1a
EPI_ISL_8557865	EPI_ISL_8557865	2
EPI_ISL_8767094	EPI_ISL_8767094	2c
EPI_ISL_8636609	EPI_ISL_8636609	2a.1a
EPI_ISL_8786118	EPI_ISL_8786118	2a.1
EPI_ISL_8808680	EPI_ISL_8808680	2a
EPI_ISL_8808669	EPI_ISL_8808669	2c
EPI_ISL_8808667	EPI_ISL_8808667	2c
EPI_ISL_8808408	EPI_ISL_8808408	2a.3b
EPI_ISL_8808406	EPI_ISL_8808406	2a.3b
EPI_ISL_8640748	EPI_ISL_8640748	2a.3b
EPI_ISL_8640747	EPI_ISL_8640747	2a.3
EPI_ISL_8640746	EPI_ISL_8640746	2a.3
EPI_ISL_8640745	EPI_ISL_8640745	2a
EPI_ISL_8559166	EPI_ISL_8559166	2a.3
EPI_ISL_8558047	EPI_ISL_8558047	2a.3
EPI_ISL_8558044	EPI_ISL_8558044	2a.3
EPI_ISL_8558030	EPI_ISL_8558030	2a.3
EPI_ISL_8558029	EPI_ISL_8558029	2a.3
EPI_ISL_8558021	EPI_ISL_8558021	2a.3
EPI_ISL_8767093	EPI_ISL_8767093	2a.3a
EPI_ISL_9272119	EPI_ISL_9272119	2a.3
EPI_ISL_8936761	EPI_ISL_8936761	2a.3
EPI_ISL_9009482	EPI_ISL_9009482	2a.1
EPI_ISL_9349289	EPI_ISL_9349289	2a.3
EPI_ISL_9303737	EPI_ISL_9303737	2a
EPI_ISL_9303740	EPI_ISL_9303740	2a.3
EPI_ISL_9260818	EPI_ISL_9260818	2a.2
EPI_ISL_9260830	EPI_ISL_9260830	2c
EPI_ISL_9383743	EPI_ISL_9383743	2c
EPI_ISL_9383734	EPI_ISL_9383734	2a.3
EPI_ISL_8929295	EPI_ISL_8929295	2a
EPI_ISL_8929287	EPI_ISL_8929287	2a.3
EPI_ISL_8833481	EPI_ISL_8833481	2a.2
EPI_ISL_9401959	EPI_ISL_9401959	2a.3
EPI_ISL_9208093	EPI_ISL_9208093	2a.3
EPI_ISL_9260541	EPI_ISL_9260541	2c
EPI_ISL_9260536	EPI_ISL_9260536	2a.2
EPI_ISL_9389004	EPI_ISL_9389004	2a.3
EPI_ISL_9388964	EPI_ISL_9388964	2a.3
EPI_ISL_9250432	EPI_ISL_9250432	2a.1
EPI_ISL_9198201	EPI_ISL_9198201	2a
EPI_ISL_9388994	EPI_ISL_9388994	3C.2a1b.1a
EPI_ISL_9346201	EPI_ISL_9346201	3C.2a1b.1a
EPI_ISL_9388981	EPI_ISL_9388981	3C.2a1b.1a
EPI_ISL_9388969	EPI_ISL_9388969	3C.2a1b.1a
EPI_ISL_9388967	EPI_ISL_9388967	3C.2a1b.1a
EPI_ISL_9388961	EPI_ISL_9388961	3C.2a1b.2a
EPI_ISL_9388957	EPI_ISL_9388957	3C.2a1b.1a
EPI_ISL_9388953	EPI_ISL_9388953	3C.2a1b.1a
EPI_ISL_9388941	EPI_ISL_9388941	3C.2a1b.1a
EPI_ISL_9388937	EPI_ISL_9388937	3C.2a1b.2a
EPI_ISL_9388929	EPI_ISL_9388929	3C.2a1b.1a
EPI_ISL_9388924	EPI_ISL_9388924	3C.2a1b.1a
EPI_ISL_9388923	EPI_ISL_9388923	3C.2a1b.1a
EPI_ISL_9388922	EPI_ISL_9388922	3C.2a1b.1a
EPI_ISL_9390626	EPI_ISL_9390626	3C.2a1b.1a
EPI_ISL_9390622	EPI_ISL_9390622	3C.2a1b.1a
EPI_ISL_9390621	EPI_ISL_9390621	3C.2a1b.1a
EPI_ISL_9390613	EPI_ISL_9390613	3C.2a1b.1a
EPI_ISL_9033512	EPI_ISL_9033512	2a.1a
EPI_ISL_9390637	EPI_ISL_9390637	2a.1a
EPI_ISL_9033780	EPI_ISL_9033780	2a.1a
EPI_ISL_9033527	EPI_ISL_9033527	2a.3
EPI_ISL_9033434	EPI_ISL_9033434	2a.1a
EPI_ISL_9033732	EPI_ISL_9033732	2a.1a
EPI_ISL_9033679	EPI_ISL_9033679	2a.1a
EPI_ISL_9389014	EPI_ISL_9389014	2a.1a
EPI_ISL_9346161	EPI_ISL_9346161	2a.1a
EPI_ISL_9389036	EPI_ISL_9389036	2a.1
EPI_ISL_9346177	EPI_ISL_9346177	2a.1a
EPI_ISL_9033663	EPI_ISL_9033663	2a.3
EPI_ISL_9033698	EPI_ISL_9033698	2a.1a
EPI_ISL_9390625	EPI_ISL_9390625	2c
EPI_ISL_9359992	EPI_ISL_9359992	2a.3
EPI_ISL_9346127	EPI_ISL_9346127	2c
EPI_ISL_9346126	EPI_ISL_9346126	2c
EPI_ISL_9346120	EPI_ISL_9346120	2c
EPI_ISL_9346119	EPI_ISL_9346119	2c
EPI_ISL_9346117	EPI_ISL_9346117	2c
EPI_ISL_9401994	EPI_ISL_9401994	2
EPI_ISL_9401984	EPI_ISL_9401984	2
EPI_ISL_9401983	EPI_ISL_9401983	3C.2a1b.1
EPI_ISL_9140457	EPI_ISL_9140457	2a.2
EPI_ISL_9390629	EPI_ISL_9390629	2a.1a
EPI_ISL_9401973	EPI_ISL_9401973	2c
EPI_ISL_9067283	EPI_ISL_9067283	2a.1
EPI_ISL_9402251	EPI_ISL_9402251	3C.2a1b.1a
EPI_ISL_9402230	EPI_ISL_9402230	3C.2a1b.1b
EPI_ISL_9109813	EPI_ISL_9109813	2a.3
EPI_ISL_9109660	EPI_ISL_9109660	2a.3
EPI_ISL_9109650	EPI_ISL_9109650	2a.3
EPI_ISL_9109639	EPI_ISL_9109639	2a.3
EPI_ISL_9401987	EPI_ISL_9401987	2a.3
EPI_ISL_9401966	EPI_ISL_9401966	2a.3
EPI_ISL_9707563	EPI_ISL_9707563	2a.3
EPI_ISL_9528045	EPI_ISL_9528045	2a.3
EPI_ISL_9637153	EPI_ISL_9637153	2a.2
EPI_ISL_9525004	EPI_ISL_9525004	2a.3
EPI_ISL_10733105	EPI_ISL_10733105	2a.1
EPI_ISL_10117010	EPI_ISL_10117010	2a
EPI_ISL_10626840	EPI_ISL_10626840	2a.3
EPI_ISL_9593269	EPI_ISL_9593269	2a.1
EPI_ISL_9673932	EPI_ISL_9673932	2a.3
EPI_ISL_9847986	EPI_ISL_9847986	2a.1
EPI_ISL_9847985	EPI_ISL_9847985	2a.3
EPI_ISL_10826388	EPI_ISL_10826388	2a.3
EPI_ISL_10826382	EPI_ISL_10826382	2a.3
EPI_ISL_10626780	EPI_ISL_10626780	2a
EPI_ISL_10626779	EPI_ISL_10626779	2a.3a
EPI_ISL_10826466	EPI_ISL_10826466	2a.3
EPI_ISL_10826454	EPI_ISL_10826454	2a.3
EPI_ISL_10826452	EPI_ISL_10826452	2a.3
EPI_ISL_10493220	EPI_ISL_10493220	2a.3
EPI_ISL_10493165	EPI_ISL_10493165	2a.1a
EPI_ISL_9847987	EPI_ISL_9847987	2a.1
EPI_ISL_10493278	EPI_ISL_10493278	2c
EPI_ISL_10493267	EPI_ISL_10493267	2a.2
EPI_ISL_10493243	EPI_ISL_10493243	2a.2
EPI_ISL_10493195	EPI_ISL_10493195	2a.2
EPI_ISL_10493134	EPI_ISL_10493134	2a.2
EPI_ISL_10493116	EPI_ISL_10493116	2c
EPI_ISL_10337731	EPI_ISL_10337731	2a.3
EPI_ISL_10337730	EPI_ISL_10337730	2a.1
EPI_ISL_9627685	EPI_ISL_9627685	1
EPI_ISL_9627679	EPI_ISL_9627679	2
EPI_ISL_9533464	EPI_ISL_9533464	2c
EPI_ISL_9842659	EPI_ISL_9842659	2a.2
EPI_ISL_9533449	EPI_ISL_9533449	2a.3b
EPI_ISL_9847988	EPI_ISL_9847988	2a.3
EPI_ISL_9847626	EPI_ISL_9847626	2a.3
EPI_ISL_9847623	EPI_ISL_9847623	2a.3
EPI_ISL_9533500	EPI_ISL_9533500	3C.2a1b.1a
EPI_ISL_10828774	EPI_ISL_10828774	2a.3
EPI_ISL_11204855	EPI_ISL_11204855	2a.3
EPI_ISL_11204848	EPI_ISL_11204848	2a.3
EPI_ISL_11403079	EPI_ISL_11403079	2a.3a
EPI_ISL_11403046	EPI_ISL_11403046	2a.3
EPI_ISL_11309947	EPI_ISL_11309947	2a.1
EPI_ISL_10945291	EPI_ISL_10945291	2a.2
EPI_ISL_11449486	EPI_ISL_11449486	2a.1
EPI_ISL_11112385	EPI_ISL_11112385	2a.1
EPI_ISL_11019881	EPI_ISL_11019881	2c
EPI_ISL_11497701	EPI_ISL_11497701	2a.3
EPI_ISL_11497700	EPI_ISL_11497700	2a.3
EPI_ISL_11497697	EPI_ISL_11497697	2a.3
EPI_ISL_11497696	EPI_ISL_11497696	2a.3
EPI_ISL_11497695	EPI_ISL_11497695	2a.3
EPI_ISL_11497692	EPI_ISL_11497692	2a.3
EPI_ISL_11497691	EPI_ISL_11497691	2a.3
EPI_ISL_11497690	EPI_ISL_11497690	2a.3
EPI_ISL_11497688	EPI_ISL_11497688	2a.3
EPI_ISL_11496732	EPI_ISL_11496732	2a.3
EPI_ISL_10828595	EPI_ISL_10828595	2a.3a
EPI_ISL_10828585	EPI_ISL_10828585	3C.2a1b.1a
EPI_ISL_10828573	EPI_ISL_10828573	2a.3a
EPI_ISL_10828561	EPI_ISL_10828561	2a.3a
EPI_ISL_10828552	EPI_ISL_10828552	2a.3a
EPI_ISL_10828549	EPI_ISL_10828549	2a.3a
EPI_ISL_10828548	EPI_ISL_10828548	2a.3a
EPI_ISL_10828540	EPI_ISL_10828540	2a.3a
EPI_ISL_11149561	EPI_ISL_11149561	2a.1
EPI_ISL_10985671	EPI_ISL_10985671	2a.3
EPI_ISL_11496537	EPI_ISL_11496537	2c
EPI_ISL_10827397	EPI_ISL_10827397	3C.2a1b.1a
EPI_ISL_11449440	EPI_ISL_11449440	2b
EPI_ISL_11449435	EPI_ISL_11449435	2a.3
EPI_ISL_11497682	EPI_ISL_11497682	3C.2a1b.1b
EPI_ISL_11497679	EPI_ISL_11497679	3C.2a1b.1a
EPI_ISL_11497678	EPI_ISL_11497678	3C.2a1b.1a
EPI_ISL_11497677	EPI_ISL_11497677	3C.2a1b.1b
EPI_ISL_11497675	EPI_ISL_11497675	3C.2a1b.1a
EPI_ISL_11497674	EPI_ISL_11497674	3C.2a1b.1a
EPI_ISL_11497672	EPI_ISL_11497672	3C.2a1b.1a
EPI_ISL_11497671	EPI_ISL_11497671	3C.2a1b.1b
EPI_ISL_11497670	EPI_ISL_11497670	3C.2a1b.1a
EPI_ISL_11497669	EPI_ISL_11497669	3C.2a1b.1a
EPI_ISL_11497657	EPI_ISL_11497657	3C.2a1b.1b
EPI_ISL_11497651	EPI_ISL_11497651	3C.2a1b.1b
EPI_ISL_11496828	EPI_ISL_11496828	3C.2a1b.1b
EPI_ISL_11496589	EPI_ISL_11496589	3C.2a1b.1b
EPI_ISL_11496587	EPI_ISL_11496587	3C.2a1b.1a
EPI_ISL_11496584	EPI_ISL_11496584	3C.2a1b.1b
EPI_ISL_11496583	EPI_ISL_11496583	3C.2a1b.1b
EPI_ISL_11496568	EPI_ISL_11496568	3C.2a1b.1a
EPI_ISL_11496567	EPI_ISL_11496567	3C.2a1b.1a
EPI_ISL_11496564	EPI_ISL_11496564	3C.2a1b.1b
EPI_ISL_11496556	EPI_ISL_11496556	3C.2a1b.1a
EPI_ISL_11496548	EPI_ISL_11496548	3C.2a1b.1a
EPI_ISL_11496545	EPI_ISL_11496545	3C.2a1b.1b
EPI_ISL_11496532	EPI_ISL_11496532	3C.2a1b.1b
EPI_ISL_11496530	EPI_ISL_11496530	3C.2a1b.1a
EPI_ISL_11496527	EPI_ISL_11496527	3C.2a1b.1b
EPI_ISL_11496826	EPI_ISL_11496826	3C.2a1b.1a
EPI_ISL_11496825	EPI_ISL_11496825	3C.2a1b.1a
EPI_ISL_11496823	EPI_ISL_11496823	3C.2a1b.1a
EPI_ISL_11496813	EPI_ISL_11496813	3C.2a1b.1a
EPI_ISL_11496706	EPI_ISL_11496706	3C.2a1b.1a
EPI_ISL_11496703	EPI_ISL_11496703	3C.2a1b.1a
EPI_ISL_11496631	EPI_ISL_11496631	3C.2a1b.1a
EPI_ISL_11496609	EPI_ISL_11496609	3C.2a1b.1a
EPI_ISL_11496607	EPI_ISL_11496607	3C.2a1b.1a
EPI_ISL_11496601	EPI_ISL_11496601	3C.2a1b.1a
EPI_ISL_11496586	EPI_ISL_11496586	2a
EPI_ISL_11496581	EPI_ISL_11496581	2a
EPI_ISL_11303034	EPI_ISL_11303034	2a.3
EPI_ISL_11497622	EPI_ISL_11497622	2a.3
EPI_ISL_11497637	EPI_ISL_11497637	2a.1a
EPI_ISL_11303037	EPI_ISL_11303037	1a
EPI_ISL_10828384	EPI_ISL_10828384	3C.2a1b.1b
EPI_ISL_10828517	EPI_ISL_10828517	2a
EPI_ISL_11499453	EPI_ISL_11499453	1
EPI_ISL_11499448	EPI_ISL_11499448	1
EPI_ISL_11499447	EPI_ISL_11499447	1
EPI_ISL_11499461	EPI_ISL_11499461	2a.3
EPI_ISL_11499458	EPI_ISL_11499458	2a.3
EPI_ISL_11499455	EPI_ISL_11499455	2a.1
EPI_ISL_11499454	EPI_ISL_11499454	2a.1
EPI_ISL_11499451	EPI_ISL_11499451	2a.1
EPI_ISL_11497653	EPI_ISL_11497653	2a.3
EPI_ISL_11499449	EPI_ISL_11499449	2a.3
EPI_ISL_11499460	EPI_ISL_11499460	2a
EPI_ISL_11499459	EPI_ISL_11499459	2a
EPI_ISL_11499457	EPI_ISL_11499457	2a
EPI_ISL_11499456	EPI_ISL_11499456	2a
EPI_ISL_11303033	EPI_ISL_11303033	2a.3
EPI_ISL_11303032	EPI_ISL_11303032	2a.3
EPI_ISL_11303031	EPI_ISL_11303031	2a.3
EPI_ISL_11303030	EPI_ISL_11303030	2a.3
EPI_ISL_11303029	EPI_ISL_11303029	2a.3
EPI_ISL_11303028	EPI_ISL_11303028	2a.3
EPI_ISL_11886492	EPI_ISL_11886492	2a.1
EPI_ISL_11956886	EPI_ISL_11956886	2a.3a
EPI_ISL_11956882	EPI_ISL_11956882	2a.3a
EPI_ISL_11956819	EPI_ISL_11956819	2a.3a
EPI_ISL_11956807	EPI_ISL_11956807	2a.3a
EPI_ISL_11805563	EPI_ISL_11805563	2a.1
EPI_ISL_11805569	EPI_ISL_11805569	2a.1
EPI_ISL_11969531	EPI_ISL_11969531	2a
EPI_ISL_11969530	EPI_ISL_11969530	2a.3
EPI_ISL_11956896	EPI_ISL_11956896	2a.3
EPI_ISL_11956894	EPI_ISL_11956894	2a.3
EPI_ISL_11956892	EPI_ISL_11956892	2a.3
EPI_ISL_11956889	EPI_ISL_11956889	2a.3
EPI_ISL_11956887	EPI_ISL_11956887	2a.3
EPI_ISL_11956885	EPI_ISL_11956885	2a.3
EPI_ISL_11956824	EPI_ISL_11956824	2a.3
EPI_ISL_11956822	EPI_ISL_11956822	2a.3
EPI_ISL_11787403	EPI_ISL_11787403	2a.2
EPI_ISL_11787161	EPI_ISL_11787161	2a.1
EPI_ISL_11887852	EPI_ISL_11887852	2a.1
EPI_ISL_11669496	EPI_ISL_11669496	2a.1
EPI_ISL_11563873	EPI_ISL_11563873	2a.3
EPI_ISL_11969437	EPI_ISL_11969437	3C.2a1b.1b
EPI_ISL_11969436	EPI_ISL_11969436	3C.2a1b.1b
EPI_ISL_11563544	EPI_ISL_11563544	2a.3
EPI_ISL_11969460	EPI_ISL_11969460	2a.3
EPI_ISL_11969459	EPI_ISL_11969459	3C.2a1b.2a
EPI_ISL_11969457	EPI_ISL_11969457	2a.3
EPI_ISL_11969453	EPI_ISL_11969453	2a.3
EPI_ISL_11814316	EPI_ISL_11814316	2a.1
EPI_ISL_11533883	EPI_ISL_11533883	2a.1
EPI_ISL_11956556	EPI_ISL_11956556	2a.1a
EPI_ISL_11532908	EPI_ISL_11532908	2a
EPI_ISL_11532873	EPI_ISL_11532873	2a.3
EPI_ISL_11956739	EPI_ISL_11956739	2a.1a
EPI_ISL_11533902	EPI_ISL_11533902	2a.3a
EPI_ISL_11532892	EPI_ISL_11532892	2c
EPI_ISL_11956694	EPI_ISL_11956694	2a.1a
EPI_ISL_11955903	EPI_ISL_11955903	2a.2
EPI_ISL_11956579	EPI_ISL_11956579	2a.3
EPI_ISL_11956391	EPI_ISL_11956391	2a.3
EPI_ISL_11533826	EPI_ISL_11533826	2a.3
EPI_ISL_11800300	EPI_ISL_11800300	2a.1a
EPI_ISL_11800299	EPI_ISL_11800299	2a.3
EPI_ISL_11956884	EPI_ISL_11956884	2a.1
EPI_ISL_11956867	EPI_ISL_11956867	2a.1
EPI_ISL_11956853	EPI_ISL_11956853	2a.3
EPI_ISL_11563542	EPI_ISL_11563542	2a.3
EPI_ISL_11956826	EPI_ISL_11956826	2a.3
EPI_ISL_12000428	EPI_ISL_12000428	2a.3
EPI_ISL_12000424	EPI_ISL_12000424	2a.3
EPI_ISL_12323576	EPI_ISL_12323576	2a.1
EPI_ISL_12212655	EPI_ISL_12212655	2b
EPI_ISL_12215506	EPI_ISL_12215506	2a.2
EPI_ISL_12215505	EPI_ISL_12215505	2a.2
EPI_ISL_12121017	EPI_ISL_12121017	2a
EPI_ISL_12187425	EPI_ISL_12187425	2a.3
EPI_ISL_12206264	EPI_ISL_12206264	2a.3
EPI_ISL_12206253	EPI_ISL_12206253	2a.1
EPI_ISL_12206250	EPI_ISL_12206250	2a.1
EPI_ISL_12187472	EPI_ISL_12187472	3C.2a1b.1a
EPI_ISL_12179139	EPI_ISL_12179139	2a.3
EPI_ISL_12109561	EPI_ISL_12109561	2a.1a
EPI_ISL_12219330	EPI_ISL_12219330	2
EPI_ISL_12206275	EPI_ISL_12206275	2a.1a
EPI_ISL_12219468	EPI_ISL_12219468	3C.2a1b.1a
EPI_ISL_12219459	EPI_ISL_12219459	2a.3a
EPI_ISL_12219432	EPI_ISL_12219432	2a.3a
EPI_ISL_12219520	EPI_ISL_12219520	2a.2
EPI_ISL_11985657	EPI_ISL_11985657	2b
EPI_ISL_12206273	EPI_ISL_12206273	2a.1a
EPI_ISL_12206270	EPI_ISL_12206270	2a.3
EPI_ISL_12206268	EPI_ISL_12206268	2a.3
EPI_ISL_12206266	EPI_ISL_12206266	2a.1a
EPI_ISL_12206248	EPI_ISL_12206248	2a.1a
EPI_ISL_12240109	EPI_ISL_12240109	2a.1
EPI_ISL_12240108	EPI_ISL_12240108	2a.3
EPI_ISL_12206254	EPI_ISL_12206254	2a.3
EPI_ISL_12240133	EPI_ISL_12240133	2a.1
EPI_ISL_12240150	EPI_ISL_12240150	2c
EPI_ISL_12219339	EPI_ISL_12219339	3C.2a1b.1a
EPI_ISL_12219337	EPI_ISL_12219337	2a.3a
EPI_ISL_12206255	EPI_ISL_12206255	2a
EPI_ISL_12676548	EPI_ISL_12676548	2a.1
EPI_ISL_12567901	EPI_ISL_12567901	2b
EPI_ISL_12429557	EPI_ISL_12429557	2a.1
EPI_ISL_12579956	EPI_ISL_12579956	2a.1
EPI_ISL_12422543	EPI_ISL_12422543	2a.1
EPI_ISL_12579936	EPI_ISL_12579936	2a.1
EPI_ISL_12579926	EPI_ISL_12579926	2a.1
EPI_ISL_12579922	EPI_ISL_12579922	2a.1
EPI_ISL_12579896	EPI_ISL_12579896	2a.1
EPI_ISL_12579869	EPI_ISL_12579869	2a.1
EPI_ISL_12338970	EPI_ISL_12338970	2a.1
EPI_ISL_12607373	EPI_ISL_12607373	2a.3
EPI_ISL_12713349	EPI_ISL_12713349	2a.1a
EPI_ISL_12713266	EPI_ISL_12713266	2a.1
EPI_ISL_12713421	EPI_ISL_12713421	2a.1a
EPI_ISL_12710449	EPI_ISL_12710449	2a.3
EPI_ISL_12555385	EPI_ISL_12555385	2b
EPI_ISL_12579939	EPI_ISL_12579939	2a.1
EPI_ISL_12710458	EPI_ISL_12710458	2c
EPI_ISL_12710453	EPI_ISL_12710453	2c
EPI_ISL_12579920	EPI_ISL_12579920	3C.2a1b.1a
EPI_ISL_12579915	EPI_ISL_12579915	2a.1
EPI_ISL_12839663	EPI_ISL_12839663	2a.1
EPI_ISL_12839617	EPI_ISL_12839617	2a
EPI_ISL_12717542	EPI_ISL_12717542	3C.2a1b.1b
EPI_ISL_12715958	EPI_ISL_12715958	2a.3
EPI_ISL_12713474	EPI_ISL_12713474	2a.3
EPI_ISL_12716201	EPI_ISL_12716201	2a.1a
EPI_ISL_12713962	EPI_ISL_12713962	2b
EPI_ISL_12716171	EPI_ISL_12716171	2a.3
EPI_ISL_12713497	EPI_ISL_12713497	2a.1
EPI_ISL_12713556	EPI_ISL_12713556	2a.3b
EPI_ISL_13017087	EPI_ISL_13017087	3C.2a1b.1a
EPI_ISL_12809100	EPI_ISL_12809100	2a.1
EPI_ISL_13044342	EPI_ISL_13044342	2a.3
EPI_ISL_13044327	EPI_ISL_13044327	2a.3
EPI_ISL_13044321	EPI_ISL_13044321	2a.3
EPI_ISL_13044320	EPI_ISL_13044320	2a.3
EPI_ISL_13202111	EPI_ISL_13202111	2a.1
EPI_ISL_13200111	EPI_ISL_13200111	2a.1
EPI_ISL_13200103	EPI_ISL_13200103	2a.1
EPI_ISL_13202982	EPI_ISL_13202982	2a.2
EPI_ISL_13202800	EPI_ISL_13202800	2c
EPI_ISL_13202799	EPI_ISL_13202799	2c
EPI_ISL_13089778	EPI_ISL_13089778	2c
EPI_ISL_13089402	EPI_ISL_13089402	2
EPI_ISL_13163890	EPI_ISL_13163890	2a.1
EPI_ISL_13163862	EPI_ISL_13163862	2a.1
EPI_ISL_13175633	EPI_ISL_13175633	1
EPI_ISL_13175624	EPI_ISL_13175624	1
EPI_ISL_13175623	EPI_ISL_13175623	1
EPI_ISL_13017095	EPI_ISL_13017095	2a.1
EPI_ISL_13017093	EPI_ISL_13017093	2a.1
EPI_ISL_13175615	EPI_ISL_13175615	2a.1
EPI_ISL_13399709	EPI_ISL_13399709	2c
EPI_ISL_13344093	EPI_ISL_13344093	2c
EPI_ISL_13343730	EPI_ISL_13343730	2a.2
EPI_ISL_13343729	EPI_ISL_13343729	2a.2
EPI_ISL_13343728	EPI_ISL_13343728	2a.2
EPI_ISL_13343727	EPI_ISL_13343727	2a.2
EPI_ISL_13343726	EPI_ISL_13343726	2a.2
EPI_ISL_13328983	EPI_ISL_13328983	2a.1
EPI_ISL_13339947	EPI_ISL_13339947	2a.3b
EPI_ISL_13339946	EPI_ISL_13339946	3C.2a1b.2a
EPI_ISL_13339942	EPI_ISL_13339942	2a.1
EPI_ISL_13285547	EPI_ISL_13285547	3C.2a1b.1b
EPI_ISL_13343699	EPI_ISL_13343699	2a.3a
EPI_ISL_13284543	EPI_ISL_13284543	2a.1a
EPI_ISL_13284133	EPI_ISL_13284133	2a.1
EPI_ISL_13284237	EPI_ISL_13284237	2a.1
EPI_ISL_13284212	EPI_ISL_13284212	2a
EPI_ISL_13284223	EPI_ISL_13284223	2a.1
EPI_ISL_13344641	EPI_ISL_13344641	2a.1a
EPI_ISL_13284551	EPI_ISL_13284551	2a.3b
EPI_ISL_13284606	EPI_ISL_13284606	2a.3
EPI_ISL_13284598	EPI_ISL_13284598	2a.3
EPI_ISL_13284592	EPI_ISL_13284592	2a.3
EPI_ISL_13284184	EPI_ISL_13284184	2a.3
EPI_ISL_13339919	EPI_ISL_13339919	2
EPI_ISL_13284292	EPI_ISL_13284292	2a.3
EPI_ISL_13284306	EPI_ISL_13284306	2a.3
EPI_ISL_13284287	EPI_ISL_13284287	2a.3
EPI_ISL_13284285	EPI_ISL_13284285	2a.3
EPI_ISL_13284273	EPI_ISL_13284273	2a.3
EPI_ISL_13284272	EPI_ISL_13284272	2a.3
EPI_ISL_13398707	EPI_ISL_13398707	2a
EPI_ISL_13398659	EPI_ISL_13398659	2a.1
EPI_ISL_13398651	EPI_ISL_13398651	2a.1
EPI_ISL_13398685	EPI_ISL_13398685	2a.1
EPI_ISL_13284205	EPI_ISL_13284205	2a.3
EPI_ISL_13284204	EPI_ISL_13284204	2a.3
EPI_ISL_13284190	EPI_ISL_13284190	2a.3
EPI_ISL_13398690	EPI_ISL_13398690	2a.3
EPI_ISL_13493341	EPI_ISL_13493341	3C.2a1b.1a
EPI_ISL_13755533	EPI_ISL_13755533	2a.3
EPI_ISL_13631779	EPI_ISL_13631779	2a.3
EPI_ISL_13631777	EPI_ISL_13631777	2a.3
EPI_ISL_13631776	EPI_ISL_13631776	2a.3
EPI_ISL_13631687	EPI_ISL_13631687	2a.3
EPI_ISL_13631522	EPI_ISL_13631522	2a.3
EPI_ISL_13631521	EPI_ISL_13631521	2a.3
EPI_ISL_13631520	EPI_ISL_13631520	2a.3
EPI_ISL_13631518	EPI_ISL_13631518	2a.3
EPI_ISL_13614361	EPI_ISL_13614361	2a.3
EPI_ISL_13614323	EPI_ISL_13614323	2a.3
EPI_ISL_13631686	EPI_ISL_13631686	2a.3
EPI_ISL_13885638	EPI_ISL_13885638	3C.2a1b.2a
EPI_ISL_13497571	EPI_ISL_13497571	1a.1
EPI_ISL_13497569	EPI_ISL_13497569	1a.1
EPI_ISL_13655118	EPI_ISL_13655118	2a.1a
EPI_ISL_13655116	EPI_ISL_13655116	2a.3
EPI_ISL_13837799	EPI_ISL_13837799	3C.2a1b.1a
EPI_ISL_13837768	EPI_ISL_13837768	2a.1
EPI_ISL_13837766	EPI_ISL_13837766	3C.2a1b.1a
EPI_ISL_13817396	EPI_ISL_13817396	2a.1
EPI_ISL_13655699	EPI_ISL_13655699	2a.3a
EPI_ISL_13655698	EPI_ISL_13655698	2a.3a
EPI_ISL_13655692	EPI_ISL_13655692	2a.3a
EPI_ISL_13655675	EPI_ISL_13655675	2a.3a
EPI_ISL_13655673	EPI_ISL_13655673	2a.3a
EPI_ISL_13655672	EPI_ISL_13655672	2a.3a
EPI_ISL_13655671	EPI_ISL_13655671	2a.3a
EPI_ISL_13655668	EPI_ISL_13655668	2a.3a
EPI_ISL_13655662	EPI_ISL_13655662	2a.3a
EPI_ISL_13655578	EPI_ISL_13655578	2a.3a
EPI_ISL_13655572	EPI_ISL_13655572	2a.3a
EPI_ISL_13655559	EPI_ISL_13655559	2a.3a
EPI_ISL_13655556	EPI_ISL_13655556	2a.3a
EPI_ISL_13655555	EPI_ISL_13655555	2a.3a
EPI_ISL_13655510	EPI_ISL_13655510	2a.3a
EPI_ISL_13655483	EPI_ISL_13655483	2a.3a
EPI_ISL_13655479	EPI_ISL_13655479	2a.3a
EPI_ISL_13655478	EPI_ISL_13655478	2a.3a
EPI_ISL_13655472	EPI_ISL_13655472	2a.3a
EPI_ISL_13655471	EPI_ISL_13655471	2a.3a
EPI_ISL_13655470	EPI_ISL_13655470	2a.3a
EPI_ISL_13655466	EPI_ISL_13655466	2a.3a
EPI_ISL_13655461	EPI_ISL_13655461	2a.1
EPI_ISL_13655460	EPI_ISL_13655460	2a.3a
EPI_ISL_13655459	EPI_ISL_13655459	2a.3a
EPI_ISL_13655458	EPI_ISL_13655458	2a.1
EPI_ISL_13655454	EPI_ISL_13655454	2a.3a
EPI_ISL_13655452	EPI_ISL_13655452	2a.1
EPI_ISL_13655451	EPI_ISL_13655451	2a.3a
EPI_ISL_13531022	EPI_ISL_13531022	2a.1
EPI_ISL_13531183	EPI_ISL_13531183	2a.3
EPI_ISL_13704132	EPI_ISL_13704132	2b
EPI_ISL_13704129	EPI_ISL_13704129	2b
EPI_ISL_13704121	EPI_ISL_13704121	2a.1
EPI_ISL_14254651	EPI_ISL_14254651	2a.3a
EPI_ISL_14016110	EPI_ISL_14016110	3C.2a1b.1a
EPI_ISL_14016106	EPI_ISL_14016106	3C.2a1b.1a
EPI_ISL_14016112	EPI_ISL_14016112	3C.2a1b.1a
EPI_ISL_14016111	EPI_ISL_14016111	3C.2a1b.1a
EPI_ISL_14016109	EPI_ISL_14016109	3C.2a1b.1a
EPI_ISL_14016108	EPI_ISL_14016108	3C.2a1b.1a
EPI_ISL_14016107	EPI_ISL_14016107	3C.2a1b.1a
EPI_ISL_14145091	EPI_ISL_14145091	2a.1
EPI_ISL_14145019	EPI_ISL_14145019	2a
EPI_ISL_13892749	EPI_ISL_13892749	2a.3
EPI_ISL_14161816	EPI_ISL_14161816	2a.1
EPI_ISL_13984023	EPI_ISL_13984023	2a.1
EPI_ISL_14212917	EPI_ISL_14212917	2a.3a
EPI_ISL_14212911	EPI_ISL_14212911	2a.3a
EPI_ISL_14212906	EPI_ISL_14212906	2a.3a
EPI_ISL_13983347	EPI_ISL_13983347	2a.3a
EPI_ISL_13983323	EPI_ISL_13983323	2a.3a
EPI_ISL_13983322	EPI_ISL_13983322	2a.3a
EPI_ISL_13983315	EPI_ISL_13983315	2a.3a
EPI_ISL_13983313	EPI_ISL_13983313	2a.3a
EPI_ISL_13983307	EPI_ISL_13983307	2a.3a
EPI_ISL_14036092	EPI_ISL_14036092	2b
EPI_ISL_13951194	EPI_ISL_13951194	2a.3b
EPI_ISL_14036337	EPI_ISL_14036337	2a.3
EPI_ISL_14036335	EPI_ISL_14036335	2a.3
EPI_ISL_14036329	EPI_ISL_14036329	2a.3
EPI_ISL_13892742	EPI_ISL_13892742	2a
EPI_ISL_13892740	EPI_ISL_13892740	3C.2a1b.2a
EPI_ISL_13892735	EPI_ISL_13892735	2a.3
EPI_ISL_13892733	EPI_ISL_13892733	2a.3
EPI_ISL_14198762	EPI_ISL_14198762	2c
EPI_ISL_14198758	EPI_ISL_14198758	2c
EPI_ISL_14213016	EPI_ISL_14213016	2c
EPI_ISL_14213006	EPI_ISL_14213006	2a.2
EPI_ISL_14033700	EPI_ISL_14033700	1a.1
EPI_ISL_14033699	EPI_ISL_14033699	1a.1
EPI_ISL_14033698	EPI_ISL_14033698	1a.1
EPI_ISL_14033340	EPI_ISL_14033340	1a.1
EPI_ISL_14033338	EPI_ISL_14033338	1a.1
EPI_ISL_14033328	EPI_ISL_14033328	1a.1
EPI_ISL_14033319	EPI_ISL_14033319	1a.1
EPI_ISL_14033313	EPI_ISL_14033313	1a.1
EPI_ISL_14033216	EPI_ISL_14033216	1a.1
EPI_ISL_14033215	EPI_ISL_14033215	1a.1
EPI_ISL_14161815	EPI_ISL_14161815	2a
EPI_ISL_14161807	EPI_ISL_14161807	1
EPI_ISL_14161806	EPI_ISL_14161806	1
EPI_ISL_14161778	EPI_ISL_14161778	2a
EPI_ISL_14161741	EPI_ISL_14161741	2a
EPI_ISL_14161735	EPI_ISL_14161735	2a
EPI_ISL_14212958	EPI_ISL_14212958	2c
EPI_ISL_13983334	EPI_ISL_13983334	2a.3a
EPI_ISL_13892683	EPI_ISL_13892683	2a.1
EPI_ISL_14116582	EPI_ISL_14116582	2a.1
EPI_ISL_14116580	EPI_ISL_14116580	2a.1
EPI_ISL_14161754	EPI_ISL_14161754	2a.1
EPI_ISL_14225278	EPI_ISL_14225278	2a.1
EPI_ISL_14225329	EPI_ISL_14225329	2c
EPI_ISL_14225344	EPI_ISL_14225344	2a
EPI_ISL_14225342	EPI_ISL_14225342	2a
EPI_ISL_14225340	EPI_ISL_14225340	3C.2a1b.2a
EPI_ISL_13951193	EPI_ISL_13951193	2a.3
EPI_ISL_14258049	EPI_ISL_14258049	2a.1
EPI_ISL_14279797	EPI_ISL_14279797	2a.3
EPI_ISL_14618974	EPI_ISL_14618974	2a
EPI_ISL_14326686	EPI_ISL_14326686	2a.2
EPI_ISL_14333013	EPI_ISL_14333013	2a.1
EPI_ISL_14456609	EPI_ISL_14456609	1a.1
EPI_ISL_14456605	EPI_ISL_14456605	1a.1
EPI_ISL_14456603	EPI_ISL_14456603	1a.1
EPI_ISL_14456601	EPI_ISL_14456601	1a.1
EPI_ISL_14456599	EPI_ISL_14456599	1a.1
EPI_ISL_14456598	EPI_ISL_14456598	1a.1
EPI_ISL_14456597	EPI_ISL_14456597	1a.1
EPI_ISL_14456595	EPI_ISL_14456595	1a.1
EPI_ISL_14456592	EPI_ISL_14456592	1a.1
EPI_ISL_14456586	EPI_ISL_14456586	1a.1
EPI_ISL_14456582	EPI_ISL_14456582	1a.1
EPI_ISL_14456579	EPI_ISL_14456579	1a.1
EPI_ISL_14456578	EPI_ISL_14456578	1a.1
EPI_ISL_14456565	EPI_ISL_14456565	1a.1
EPI_ISL_14456564	EPI_ISL_14456564	1a.1
EPI_ISL_14456563	EPI_ISL_14456563	1a.1
EPI_ISL_14456560	EPI_ISL_14456560	1a.1
EPI_ISL_14569509	EPI_ISL_14569509	2a.3
EPI_ISL_14569502	EPI_ISL_14569502	2a.1
EPI_ISL_14569501	EPI_ISL_14569501	2a.1a
EPI_ISL_14569500	EPI_ISL_14569500	2a.1a
EPI_ISL_14569499	EPI_ISL_14569499	2a.1a
EPI_ISL_14569498	EPI_ISL_14569498	2a.1
EPI_ISL_14569497	EPI_ISL_14569497	2a.3
EPI_ISL_14649039	EPI_ISL_14649039	2a.3
EPI_ISL_14320131	EPI_ISL_14320131	2a.1
EPI_ISL_14320129	EPI_ISL_14320129	2a.1
EPI_ISL_14320127	EPI_ISL_14320127	2a.1
EPI_ISL_14320125	EPI_ISL_14320125	2a.1
EPI_ISL_14320124	EPI_ISL_14320124	2a.1
EPI_ISL_14333113	EPI_ISL_14333113	2a.1
EPI_ISL_14333090	EPI_ISL_14333090	2b
EPI_ISL_14467669	EPI_ISL_14467669	2a
EPI_ISL_14467662	EPI_ISL_14467662	2a
EPI_ISL_14467536	EPI_ISL_14467536	2a
EPI_ISL_14854652	EPI_ISL_14854652	2a.3
EPI_ISL_14854650	EPI_ISL_14854650	2a.3a
EPI_ISL_14854648	EPI_ISL_14854648	2a.3
EPI_ISL_14854647	EPI_ISL_14854647	2a.3b
EPI_ISL_14854646	EPI_ISL_14854646	2a.3
EPI_ISL_14854645	EPI_ISL_14854645	2a.3a
EPI_ISL_14854644	EPI_ISL_14854644	2a.3a
EPI_ISL_14854643	EPI_ISL_14854643	2a.3
EPI_ISL_14854642	EPI_ISL_14854642	2a.3
EPI_ISL_14854639	EPI_ISL_14854639	2a
EPI_ISL_14836412	EPI_ISL_14836412	2a.3b
EPI_ISL_14870927	EPI_ISL_14870927	2a.3
EPI_ISL_14924365	EPI_ISL_14924365	2a
EPI_ISL_14924338	EPI_ISL_14924338	2a.3
EPI_ISL_14904020	EPI_ISL_14904020	2a.3
EPI_ISL_14900877	EPI_ISL_14900877	2a.3
EPI_ISL_14892802	EPI_ISL_14892802	2a.3
EPI_ISL_14863125	EPI_ISL_14863125	2
EPI_ISL_14862709	EPI_ISL_14862709	2c
EPI_ISL_14863107	EPI_ISL_14863107	2a.3a
EPI_ISL_14818913	EPI_ISL_14818913	1a.1
EPI_ISL_14795027	EPI_ISL_14795027	2a.1
EPI_ISL_14759145	EPI_ISL_14759145	2c
EPI_ISL_14862569	EPI_ISL_14862569	2a
EPI_ISL_14727222	EPI_ISL_14727222	2a
EPI_ISL_14727221	EPI_ISL_14727221	2c
EPI_ISL_14727219	EPI_ISL_14727219	2c
EPI_ISL_14727216	EPI_ISL_14727216	2c
EPI_ISL_14727215	EPI_ISL_14727215	2c
EPI_ISL_14727212	EPI_ISL_14727212	2c
EPI_ISL_14727211	EPI_ISL_14727211	2c
EPI_ISL_14727209	EPI_ISL_14727209	2c
EPI_ISL_14727208	EPI_ISL_14727208	2c
EPI_ISL_14727206	EPI_ISL_14727206	2c
EPI_ISL_14653679	EPI_ISL_14653679	2a
EPI_ISL_14653661	EPI_ISL_14653661	2a
EPI_ISL_14653648	EPI_ISL_14653648	2a
EPI_ISL_14653642	EPI_ISL_14653642	2a
EPI_ISL_14653542	EPI_ISL_14653542	2a
EPI_ISL_14653508	EPI_ISL_14653508	2a
EPI_ISL_14653507	EPI_ISL_14653507	2a
EPI_ISL_14653506	EPI_ISL_14653506	2a
EPI_ISL_14758990	EPI_ISL_14758990	2a.1
EPI_ISL_14991382	EPI_ISL_14991382	2a.3b
EPI_ISL_16201358	EPI_ISL_16201358	3C.2a1b.1b
EPI_ISL_16201214	EPI_ISL_16201214	2
EPI_ISL_16201213	EPI_ISL_16201213	3C.2a1b.1b
EPI_ISL_16201210	EPI_ISL_16201210	3C.2a1b.1b
EPI_ISL_16201209	EPI_ISL_16201209	3C.2a1b.1b
EPI_ISL_16201208	EPI_ISL_16201208	3C.2a1b.1b
EPI_ISL_16201207	EPI_ISL_16201207	3C.2a1b.1b
EPI_ISL_16201200	EPI_ISL_16201200	3C.2a1b.1b
EPI_ISL_16201195	EPI_ISL_16201195	2
EPI_ISL_16201194	EPI_ISL_16201194	2
EPI_ISL_16201185	EPI_ISL_16201185	2
EPI_ISL_16201184	EPI_ISL_16201184	3C.2a1b.1b
EPI_ISL_16201183	EPI_ISL_16201183	3C.2a1b.1b
EPI_ISL_16201068	EPI_ISL_16201068	3C.2a1b.1b
EPI_ISL_16201067	EPI_ISL_16201067	3C.2a1b.1b
EPI_ISL_16201066	EPI_ISL_16201066	3C.2a1b.1b
EPI_ISL_16201065	EPI_ISL_16201065	3C.2a1b.1b
EPI_ISL_16201058	EPI_ISL_16201058	3C.2a1b.1b
EPI_ISL_16201055	EPI_ISL_16201055	3C.2a1b.1b
EPI_ISL_16201051	EPI_ISL_16201051	3C.2a1b.1b
EPI_ISL_16201048	EPI_ISL_16201048	3C.2a1b.1b
EPI_ISL_16201044	EPI_ISL_16201044	3C.2a1b.1b
EPI_ISL_16200945	EPI_ISL_16200945	3C.2a1b.1b
EPI_ISL_14938111	EPI_ISL_14938111	2a.3
EPI_ISL_14936970	EPI_ISL_14936970	2a.3
EPI_ISL_14928120	EPI_ISL_14928120	2a.3
EPI_ISL_14928283	EPI_ISL_14928283	2a.3
EPI_ISL_15288601	EPI_ISL_15288601	2a.3
EPI_ISL_15288585	EPI_ISL_15288585	3C.2a1b.2a
EPI_ISL_15929878	EPI_ISL_15929878	2a
EPI_ISL_15929601	EPI_ISL_15929601	2a.3a
EPI_ISL_15724419	EPI_ISL_15724419	2a.3b
EPI_ISL_15724418	EPI_ISL_15724418	2a.3a
EPI_ISL_15394468	EPI_ISL_15394468	2a.3
EPI_ISL_15394467	EPI_ISL_15394467	2a
EPI_ISL_15394462	EPI_ISL_15394462	2a
EPI_ISL_15394432	EPI_ISL_15394432	2a.3
EPI_ISL_15394429	EPI_ISL_15394429	2a
EPI_ISL_15394427	EPI_ISL_15394427	2a
EPI_ISL_15394421	EPI_ISL_15394421	2a.3a
EPI_ISL_15393537	EPI_ISL_15393537	2a.3a
EPI_ISL_15393525	EPI_ISL_15393525	2a
EPI_ISL_15393520	EPI_ISL_15393520	2a
EPI_ISL_15288635	EPI_ISL_15288635	3C.2a1b.2a
EPI_ISL_15394061	EPI_ISL_15394061	2a
EPI_ISL_16200604	EPI_ISL_16200604	3C.2a1b.1a
EPI_ISL_15610640	EPI_ISL_15610640	2a
EPI_ISL_14951633	EPI_ISL_14951633	2a.1
EPI_ISL_14951632	EPI_ISL_14951632	2a.1
EPI_ISL_14951631	EPI_ISL_14951631	2a.1
EPI_ISL_14951629	EPI_ISL_14951629	2a.1
EPI_ISL_14951628	EPI_ISL_14951628	2a.1
EPI_ISL_14951627	EPI_ISL_14951627	2a.1
EPI_ISL_14951625	EPI_ISL_14951625	2a.1
EPI_ISL_14951623	EPI_ISL_14951623	2a.3b
EPI_ISL_14951621	EPI_ISL_14951621	2a.1
EPI_ISL_15288574	EPI_ISL_15288574	2a.1
EPI_ISL_13471375	EPI_ISL_13471375	2a.3
EPI_ISL_13471382	EPI_ISL_13471382	2a.1
EPI_ISL_12599416	EPI_ISL_12599416	2a.1
EPI_ISL_12870585	EPI_ISL_12870585	2a.1
EPI_ISL_12973157	EPI_ISL_12973157	2b
EPI_ISL_13304976	EPI_ISL_13304976	2a.1
EPI_ISL_13503284	EPI_ISL_13503284	2a.1
EPI_ISL_13580982	EPI_ISL_13580982	2b
EPI_ISL_13892703	EPI_ISL_13892703	2a
EPI_ISL_13344415	EPI_ISL_13344415	2a.1
EPI_ISL_13284250	EPI_ISL_13284250	2a.1a
EPI_ISL_13892702	EPI_ISL_13892702	2a.1
EPI_ISL_13344396	EPI_ISL_13344396	2b
EPI_ISL_13344578	EPI_ISL_13344578	2a.1
EPI_ISL_13344571	EPI_ISL_13344571	2a.1
EPI_ISL_13774484	EPI_ISL_13774484	2a.1
EPI_ISL_13343709	EPI_ISL_13343709	2a.3b
EPI_ISL_13892716	EPI_ISL_13892716	2b
EPI_ISL_13175644	EPI_ISL_13175644	2a.1
EPI_ISL_13339932	EPI_ISL_13339932	2a.1
EPI_ISL_13837786	EPI_ISL_13837786	2b
EPI_ISL_13817407	EPI_ISL_13817407	2a.1
EPI_ISL_13817405	EPI_ISL_13817405	2a.3a.1
EPI_ISL_13817403	EPI_ISL_13817403	2a.1
EPI_ISL_13817401	EPI_ISL_13817401	2a.1
EPI_ISL_13892684	EPI_ISL_13892684	2a.3a.1
EPI_ISL_13892682	EPI_ISL_13892682	2a.3a.1
EPI_ISL_13892679	EPI_ISL_13892679	2a.3a.1
EPI_ISL_13892678	EPI_ISL_13892678	2a.3a.1
EPI_ISL_13892676	EPI_ISL_13892676	2a.3a.1
EPI_ISL_13892674	EPI_ISL_13892674	2b
EPI_ISL_13892668	EPI_ISL_13892668	2a.3a.1
EPI_ISL_13892667	EPI_ISL_13892667	2a.3a.1
EPI_ISL_13655515	EPI_ISL_13655515	2a.3a
EPI_ISL_13655512	EPI_ISL_13655512	2a.3a
EPI_ISL_13655509	EPI_ISL_13655509	2a.3a
EPI_ISL_13655508	EPI_ISL_13655508	2a.3a
EPI_ISL_13655506	EPI_ISL_13655506	2a.3a
EPI_ISL_13655505	EPI_ISL_13655505	2a.1
EPI_ISL_13175665	EPI_ISL_13175665	2a.1
EPI_ISL_13704134	EPI_ISL_13704134	2b
EPI_ISL_14027405	EPI_ISL_14027405	2a.1
EPI_ISL_14120582	EPI_ISL_14120582	2a.1
EPI_ISL_13983940	EPI_ISL_13983940	2a.1
EPI_ISL_14120597	EPI_ISL_14120597	2b
EPI_ISL_13957767	EPI_ISL_13957767	2a.3a
EPI_ISL_13957765	EPI_ISL_13957765	2a.3a
EPI_ISL_14036100	EPI_ISL_14036100	2a.3a.1
EPI_ISL_14036099	EPI_ISL_14036099	2a.3b
EPI_ISL_14036097	EPI_ISL_14036097	2b
EPI_ISL_14036096	EPI_ISL_14036096	2a.3a.1
EPI_ISL_14036093	EPI_ISL_14036093	2b
EPI_ISL_14027397	EPI_ISL_14027397	2a.1
EPI_ISL_14199433	EPI_ISL_14199433	2a.1
EPI_ISL_14036320	EPI_ISL_14036320	2a.1a
EPI_ISL_14036309	EPI_ISL_14036309	2a.2
EPI_ISL_14036306	EPI_ISL_14036306	2a
EPI_ISL_14036300	EPI_ISL_14036300	2a.1a
EPI_ISL_14036179	EPI_ISL_14036179	2a.1a
EPI_ISL_14036162	EPI_ISL_14036162	2a.1a
EPI_ISL_14036292	EPI_ISL_14036292	2b
EPI_ISL_14036290	EPI_ISL_14036290	2a.1a
EPI_ISL_14036288	EPI_ISL_14036288	2a.1
EPI_ISL_13897067	EPI_ISL_13897067	2a.1a
EPI_ISL_13897044	EPI_ISL_13897044	2a.3b
EPI_ISL_13983962	EPI_ISL_13983962	2a.3
EPI_ISL_14036150	EPI_ISL_14036150	2a.1
EPI_ISL_14225317	EPI_ISL_14225317	2a.1
EPI_ISL_14456628	EPI_ISL_14456628	1a.1
EPI_ISL_14456624	EPI_ISL_14456624	1a
EPI_ISL_14456536	EPI_ISL_14456536	1a.1
EPI_ISL_14456531	EPI_ISL_14456531	1a.1
EPI_ISL_14456517	EPI_ISL_14456517	1a.1
EPI_ISL_14456508	EPI_ISL_14456508	1a.1
EPI_ISL_14456500	EPI_ISL_14456500	1a.1
EPI_ISL_14456495	EPI_ISL_14456495	1a.1
EPI_ISL_14456488	EPI_ISL_14456488	1a.1
EPI_ISL_14033308	EPI_ISL_14033308	1a.1
EPI_ISL_14033305	EPI_ISL_14033305	1a.1
EPI_ISL_14033284	EPI_ISL_14033284	1a.1
EPI_ISL_14225273	EPI_ISL_14225273	2a.1
EPI_ISL_14212994	EPI_ISL_14212994	2a.3a.1
EPI_ISL_14212963	EPI_ISL_14212963	2a.3a
EPI_ISL_13983335	EPI_ISL_13983335	2a.3a
EPI_ISL_13984006	EPI_ISL_13984006	2a.1
EPI_ISL_14115597	EPI_ISL_14115597	3C.2a1b.2a
EPI_ISL_14115557	EPI_ISL_14115557	2a.1
EPI_ISL_14115538	EPI_ISL_14115538	2a.1
EPI_ISL_14811841	EPI_ISL_14811841	2b
EPI_ISL_14809175	EPI_ISL_14809175	2a.1
EPI_ISL_14811840	EPI_ISL_14811840	2a.1
EPI_ISL_14819775	EPI_ISL_14819775	2a.3
EPI_ISL_14836419	EPI_ISL_14836419	2a.3a
EPI_ISL_14836418	EPI_ISL_14836418	2a
EPI_ISL_14836416	EPI_ISL_14836416	2a.3b
EPI_ISL_14836415	EPI_ISL_14836415	2a.3b
EPI_ISL_14836414	EPI_ISL_14836414	2a.3b
EPI_ISL_14836413	EPI_ISL_14836413	2a.3
EPI_ISL_14570071	EPI_ISL_14570071	2a.1
EPI_ISL_14572277	EPI_ISL_14572277	2b
EPI_ISL_14610718	EPI_ISL_14610718	2a.1
EPI_ISL_14610686	EPI_ISL_14610686	2a.1
EPI_ISL_14610678	EPI_ISL_14610678	2a.1
EPI_ISL_14610654	EPI_ISL_14610654	2
EPI_ISL_14862595	EPI_ISL_14862595	2b
EPI_ISL_14493163	EPI_ISL_14493163	2a.1b
EPI_ISL_14466677	EPI_ISL_14466677	2a
EPI_ISL_14862562	EPI_ISL_14862562	2a
EPI_ISL_14466674	EPI_ISL_14466674	2a
EPI_ISL_14862566	EPI_ISL_14862566	2b
EPI_ISL_14466664	EPI_ISL_14466664	2b
EPI_ISL_14862547	EPI_ISL_14862547	2a
EPI_ISL_14509094	EPI_ISL_14509094	2a.1
EPI_ISL_14862591	EPI_ISL_14862591	2a.3a
EPI_ISL_14862717	EPI_ISL_14862717	2
EPI_ISL_14862605	EPI_ISL_14862605	2
EPI_ISL_14862592	EPI_ISL_14862592	2a.3a.1
EPI_ISL_14818946	EPI_ISL_14818946	1a.1
EPI_ISL_14818944	EPI_ISL_14818944	1a.1
EPI_ISL_14818942	EPI_ISL_14818942	1a.1
EPI_ISL_14818939	EPI_ISL_14818939	1a.1
EPI_ISL_14818937	EPI_ISL_14818937	1a.1
EPI_ISL_14818919	EPI_ISL_14818919	1a.1
EPI_ISL_14818910	EPI_ISL_14818910	1a.1
EPI_ISL_14818900	EPI_ISL_14818900	1a.1
EPI_ISL_14818892	EPI_ISL_14818892	1
EPI_ISL_14818888	EPI_ISL_14818888	1a.1
EPI_ISL_14818863	EPI_ISL_14818863	1a.1
EPI_ISL_14818853	EPI_ISL_14818853	1a.1
EPI_ISL_14818848	EPI_ISL_14818848	1a.1
EPI_ISL_14818846	EPI_ISL_14818846	1a.1
EPI_ISL_14818845	EPI_ISL_14818845	1a.1
EPI_ISL_14818844	EPI_ISL_14818844	1a.1
EPI_ISL_14818843	EPI_ISL_14818843	1a.1
EPI_ISL_14818841	EPI_ISL_14818841	1a.1
EPI_ISL_14818839	EPI_ISL_14818839	1a.1
EPI_ISL_14818836	EPI_ISL_14818836	1a.1
EPI_ISL_14818831	EPI_ISL_14818831	1a.1
EPI_ISL_14759153	EPI_ISL_14759153	2a.3
EPI_ISL_14660238	EPI_ISL_14660238	2a.3
EPI_ISL_14819734	EPI_ISL_14819734	2a.1
EPI_ISL_14862545	EPI_ISL_14862545	2a.3a.1
EPI_ISL_14727223	EPI_ISL_14727223	2b
EPI_ISL_14466575	EPI_ISL_14466575	2b
EPI_ISL_14466574	EPI_ISL_14466574	2a.3a.1
EPI_ISL_14466571	EPI_ISL_14466571	2a.3a.1
EPI_ISL_14466570	EPI_ISL_14466570	2a.3a.1
EPI_ISL_14466568	EPI_ISL_14466568	2b
EPI_ISL_14862714	EPI_ISL_14862714	1a.1
EPI_ISL_14653481	EPI_ISL_14653481	2a
EPI_ISL_14660231	EPI_ISL_14660231	2a.1
EPI_ISL_14660220	EPI_ISL_14660220	2a.1
EPI_ISL_14794940	EPI_ISL_14794940	2a.1
EPI_ISL_14862723	EPI_ISL_14862723	2a.3
EPI_ISL_14809159	EPI_ISL_14809159	2a.1
EPI_ISL_14467651	EPI_ISL_14467651	2a.1
EPI_ISL_14467639	EPI_ISL_14467639	2a.3a.1
EPI_ISL_14977277	EPI_ISL_14977277	2b
EPI_ISL_14986699	EPI_ISL_14986699	2a.3
EPI_ISL_14986692	EPI_ISL_14986692	2a.3
EPI_ISL_14986690	EPI_ISL_14986690	2b
EPI_ISL_14924429	EPI_ISL_14924429	2b
EPI_ISL_15210613	EPI_ISL_15210613	2b
EPI_ISL_14977264	EPI_ISL_14977264	2a.1
EPI_ISL_14924359	EPI_ISL_14924359	2a.1
EPI_ISL_14991494	EPI_ISL_14991494	2a.3
EPI_ISL_15259145	EPI_ISL_15259145	3C.2a1b.2a
EPI_ISL_15259076	EPI_ISL_15259076	3C.2a1b.2a
EPI_ISL_15232187	EPI_ISL_15232187	3C.2a1b.2a
EPI_ISL_15232185	EPI_ISL_15232185	3C.2a1b.2a
EPI_ISL_15288453	EPI_ISL_15288453	2a.3
EPI_ISL_14863121	EPI_ISL_14863121	2a.3
EPI_ISL_14863098	EPI_ISL_14863098	2a.3
EPI_ISL_14863092	EPI_ISL_14863092	2a.3
EPI_ISL_14863091	EPI_ISL_14863091	2a.3
EPI_ISL_14925583	EPI_ISL_14925583	2a.3
EPI_ISL_14924432	EPI_ISL_14924432	2a.3
EPI_ISL_14923896	EPI_ISL_14923896	2a.3
EPI_ISL_14923375	EPI_ISL_14923375	2b
EPI_ISL_14922302	EPI_ISL_14922302	2a.3
EPI_ISL_14920977	EPI_ISL_14920977	2a.3
EPI_ISL_14920798	EPI_ISL_14920798	2a.3
EPI_ISL_14904030	EPI_ISL_14904030	2a.3
EPI_ISL_14903819	EPI_ISL_14903819	2a.3
EPI_ISL_14892809	EPI_ISL_14892809	2a.3
EPI_ISL_14890768	EPI_ISL_14890768	2a.3
EPI_ISL_14923379	EPI_ISL_14923379	2a.3
EPI_ISL_15394409	EPI_ISL_15394409	2a.3
EPI_ISL_15288569	EPI_ISL_15288569	2a.3
EPI_ISL_15364210	EPI_ISL_15364210	2a.3b
EPI_ISL_15288434	EPI_ISL_15288434	2a.3
EPI_ISL_15288431	EPI_ISL_15288431	2a.3a
EPI_ISL_15288430	EPI_ISL_15288430	2a.3a
EPI_ISL_15288429	EPI_ISL_15288429	2a.3a
EPI_ISL_15288399	EPI_ISL_15288399	2a.3a
EPI_ISL_14951644	EPI_ISL_14951644	2a.3a
EPI_ISL_14951643	EPI_ISL_14951643	2a.3a
EPI_ISL_14951642	EPI_ISL_14951642	2a.3a
EPI_ISL_14926034	EPI_ISL_14926034	2b
EPI_ISL_14926024	EPI_ISL_14926024	2b
EPI_ISL_14925998	EPI_ISL_14925998	2b
EPI_ISL_14925997	EPI_ISL_14925997	2b
EPI_ISL_14925919	EPI_ISL_14925919	2b
EPI_ISL_15394423	EPI_ISL_15394423	2a.3
EPI_ISL_15394416	EPI_ISL_15394416	2a
EPI_ISL_14863104	EPI_ISL_14863104	2b
EPI_ISL_14863093	EPI_ISL_14863093	2b
EPI_ISL_15363454	EPI_ISL_15363454	2a.3a
EPI_ISL_15210580	EPI_ISL_15210580	2a.1
EPI_ISL_15081640	EPI_ISL_15081640	2a.1b
EPI_ISL_14977297	EPI_ISL_14977297	2
EPI_ISL_14977289	EPI_ISL_14977289	2a.1
EPI_ISL_14924355	EPI_ISL_14924355	2a.1b
EPI_ISL_15260058	EPI_ISL_15260058	2a.3a
EPI_ISL_15291314	EPI_ISL_15291314	2a
EPI_ISL_15288449	EPI_ISL_15288449	2b
EPI_ISL_15288444	EPI_ISL_15288444	2a.1
EPI_ISL_15291328	EPI_ISL_15291328	2b
EPI_ISL_14950238	EPI_ISL_14950238	2b
EPI_ISL_15291323	EPI_ISL_15291323	2b
EPI_ISL_14863110	EPI_ISL_14863110	2a.3
EPI_ISL_15260065	EPI_ISL_15260065	2a.1
EPI_ISL_15260064	EPI_ISL_15260064	2a.1
EPI_ISL_15260063	EPI_ISL_15260063	2a.1
EPI_ISL_15393523	EPI_ISL_15393523	2a.3
EPI_ISL_15288447	EPI_ISL_15288447	2a.3
EPI_ISL_14863128	EPI_ISL_14863128	2a.3b
EPI_ISL_14863127	EPI_ISL_14863127	2a.3b
EPI_ISL_14863105	EPI_ISL_14863105	2a
EPI_ISL_15025116	EPI_ISL_15025116	2a.3
EPI_ISL_15025102	EPI_ISL_15025102	2a.3
EPI_ISL_14863109	EPI_ISL_14863109	1a.1
EPI_ISL_14863097	EPI_ISL_14863097	1a.1
EPI_ISL_15364209	EPI_ISL_15364209	2a.3a
EPI_ISL_15364208	EPI_ISL_15364208	2a.3a
EPI_ISL_14991516	EPI_ISL_14991516	2a
EPI_ISL_14991490	EPI_ISL_14991490	2a
EPI_ISL_14991394	EPI_ISL_14991394	2a.1
EPI_ISL_14991255	EPI_ISL_14991255	2a.1
EPI_ISL_14991491	EPI_ISL_14991491	2a.1
EPI_ISL_14991488	EPI_ISL_14991488	2a.1
EPI_ISL_14991392	EPI_ISL_14991392	2a.1
EPI_ISL_14991390	EPI_ISL_14991390	2a.1
EPI_ISL_14991387	EPI_ISL_14991387	2a.1
EPI_ISL_14991386	EPI_ISL_14991386	2a.1
EPI_ISL_14870582	EPI_ISL_14870582	2c
EPI_ISL_14870500	EPI_ISL_14870500	2c
EPI_ISL_14991267	EPI_ISL_14991267	2b
EPI_ISL_14991266	EPI_ISL_14991266	2c
EPI_ISL_14991262	EPI_ISL_14991262	2b
EPI_ISL_14991260	EPI_ISL_14991260	2c
EPI_ISL_14991619	EPI_ISL_14991619	2a.3a.1
EPI_ISL_15288593	EPI_ISL_15288593	2a.1
EPI_ISL_15288581	EPI_ISL_15288581	2a.1
EPI_ISL_15288575	EPI_ISL_15288575	2a.1
EPI_ISL_15288468	EPI_ISL_15288468	2a.3a.1
EPI_ISL_15288460	EPI_ISL_15288460	2a.1
EPI_ISL_14991515	EPI_ISL_14991515	2a.1
EPI_ISL_14991374	EPI_ISL_14991374	2a.3a.1
EPI_ISL_14991373	EPI_ISL_14991373	2a.1
EPI_ISL_14991372	EPI_ISL_14991372	2a.1
EPI_ISL_14991371	EPI_ISL_14991371	2a.3a.1
EPI_ISL_15656894	EPI_ISL_15656894	2b
EPI_ISL_15656892	EPI_ISL_15656892	2b
EPI_ISL_15656860	EPI_ISL_15656860	2b
EPI_ISL_15656849	EPI_ISL_15656849	2b
EPI_ISL_15714843	EPI_ISL_15714843	2b
EPI_ISL_15447045	EPI_ISL_15447045	2a.1
EPI_ISL_15447043	EPI_ISL_15447043	2a.1
EPI_ISL_15683240	EPI_ISL_15683240	2b
EPI_ISL_15683233	EPI_ISL_15683233	2b
EPI_ISL_15683232	EPI_ISL_15683232	2a.3
EPI_ISL_15724803	EPI_ISL_15724803	2b
EPI_ISL_15724632	EPI_ISL_15724632	2c
EPI_ISL_15724536	EPI_ISL_15724536	2a.3a
EPI_ISL_15724417	EPI_ISL_15724417	2c
EPI_ISL_15724409	EPI_ISL_15724409	2b
EPI_ISL_15724387	EPI_ISL_15724387	2b
EPI_ISL_15724386	EPI_ISL_15724386	2b
EPI_ISL_15724383	EPI_ISL_15724383	2c
EPI_ISL_15724382	EPI_ISL_15724382	2c
EPI_ISL_15724381	EPI_ISL_15724381	2c
EPI_ISL_15724348	EPI_ISL_15724348	2c
EPI_ISL_15505744	EPI_ISL_15505744	2b
EPI_ISL_15446908	EPI_ISL_15446908	2b
EPI_ISL_15394460	EPI_ISL_15394460	2b
EPI_ISL_15394458	EPI_ISL_15394458	2a.3
EPI_ISL_15394457	EPI_ISL_15394457	2b
EPI_ISL_15394455	EPI_ISL_15394455	2a.3
EPI_ISL_15394448	EPI_ISL_15394448	2a.3
EPI_ISL_15394447	EPI_ISL_15394447	2a
EPI_ISL_15394444	EPI_ISL_15394444	2a.3
EPI_ISL_15394443	EPI_ISL_15394443	2a.3a.1
EPI_ISL_15394442	EPI_ISL_15394442	2a.3
EPI_ISL_15394441	EPI_ISL_15394441	2a.3b
EPI_ISL_15394439	EPI_ISL_15394439	2a.3
EPI_ISL_15394433	EPI_ISL_15394433	2a.3
EPI_ISL_15394431	EPI_ISL_15394431	2a.3b
EPI_ISL_15656889	EPI_ISL_15656889	2a.3
EPI_ISL_15656888	EPI_ISL_15656888	3C.2a1b.2a
EPI_ISL_15656880	EPI_ISL_15656880	2a
EPI_ISL_15724031	EPI_ISL_15724031	2b
EPI_ISL_15724028	EPI_ISL_15724028	2a.3a.1
EPI_ISL_15724027	EPI_ISL_15724027	2a.3a.1
EPI_ISL_15724023	EPI_ISL_15724023	2a.3a.1
EPI_ISL_15724022	EPI_ISL_15724022	2a.3a.1
EPI_ISL_15724021	EPI_ISL_15724021	2a.3a.1
EPI_ISL_15641751	EPI_ISL_15641751	2b
EPI_ISL_15641750	EPI_ISL_15641750	2b
EPI_ISL_15610796	EPI_ISL_15610796	2b
EPI_ISL_15610794	EPI_ISL_15610794	2b
EPI_ISL_15610787	EPI_ISL_15610787	2a.3
EPI_ISL_15610783	EPI_ISL_15610783	2a.3a.1
EPI_ISL_15610781	EPI_ISL_15610781	2a.3a.1
EPI_ISL_15610779	EPI_ISL_15610779	2a.3a.1
EPI_ISL_15610773	EPI_ISL_15610773	2a.3a.1
EPI_ISL_15504806	EPI_ISL_15504806	2a.1
EPI_ISL_15504805	EPI_ISL_15504805	2a.1
EPI_ISL_15504803	EPI_ISL_15504803	2a.1
EPI_ISL_15437362	EPI_ISL_15437362	2a.1
EPI_ISL_15657197	EPI_ISL_15657197	2a.3
EPI_ISL_15426956	EPI_ISL_15426956	2a
EPI_ISL_15426896	EPI_ISL_15426896	2a.1
EPI_ISL_15447251	EPI_ISL_15447251	2b
EPI_ISL_15447174	EPI_ISL_15447174	2b
EPI_ISL_15724432	EPI_ISL_15724432	2a.3a.1
EPI_ISL_15724429	EPI_ISL_15724429	2a.3a.1
EPI_ISL_15724428	EPI_ISL_15724428	2a.3a.1
EPI_ISL_15724426	EPI_ISL_15724426	2a.3
EPI_ISL_15724435	EPI_ISL_15724435	2a
EPI_ISL_15715029	EPI_ISL_15715029	2a.1
EPI_ISL_15724421	EPI_ISL_15724421	2b
EPI_ISL_15394451	EPI_ISL_15394451	2a.3
EPI_ISL_15394450	EPI_ISL_15394450	2a.3
EPI_ISL_15394449	EPI_ISL_15394449	2a.3
EPI_ISL_15394436	EPI_ISL_15394436	2b
EPI_ISL_15394434	EPI_ISL_15394434	2a.3
EPI_ISL_15714981	EPI_ISL_15714981	2b
EPI_ISL_15447010	EPI_ISL_15447010	2a.1b
EPI_ISL_15728518	EPI_ISL_15728518	2a.3a.1
EPI_ISL_15728511	EPI_ISL_15728511	2b
EPI_ISL_15898327	EPI_ISL_15898327	2b
EPI_ISL_15837637	EPI_ISL_15837637	2b
EPI_ISL_15895149	EPI_ISL_15895149	2a.1b
EPI_ISL_15889810	EPI_ISL_15889810	2a.1b
EPI_ISL_15888793	EPI_ISL_15888793	2a.3a.1
EPI_ISL_15888507	EPI_ISL_15888507	2a.1b
EPI_ISL_15803840	EPI_ISL_15803840	2a.1
EPI_ISL_15803831	EPI_ISL_15803831	2b
EPI_ISL_15859378	EPI_ISL_15859378	2a.1b
EPI_ISL_15929641	EPI_ISL_15929641	2a.3b
EPI_ISL_15929639	EPI_ISL_15929639	2a.3b
EPI_ISL_15929634	EPI_ISL_15929634	2a.3b
EPI_ISL_15929632	EPI_ISL_15929632	2a.3b
EPI_ISL_15929623	EPI_ISL_15929623	2a.3b
EPI_ISL_15929616	EPI_ISL_15929616	2a.3b
EPI_ISL_15929613	EPI_ISL_15929613	2a.3b
EPI_ISL_15929610	EPI_ISL_15929610	2a.3b
EPI_ISL_15929609	EPI_ISL_15929609	2a.3b
EPI_ISL_15929605	EPI_ISL_15929605	2a.3a
EPI_ISL_15929510	EPI_ISL_15929510	2a.3a
EPI_ISL_15929507	EPI_ISL_15929507	2a.3a
EPI_ISL_15929501	EPI_ISL_15929501	2a.3a
EPI_ISL_15929499	EPI_ISL_15929499	2a.3a
EPI_ISL_15929498	EPI_ISL_15929498	2a.3a
EPI_ISL_15929497	EPI_ISL_15929497	2a.3a
EPI_ISL_15929496	EPI_ISL_15929496	2a.3a
EPI_ISL_15929495	EPI_ISL_15929495	2a.3a
EPI_ISL_15929494	EPI_ISL_15929494	2a.3a
EPI_ISL_15929485	EPI_ISL_15929485	2a.3a
EPI_ISL_15929483	EPI_ISL_15929483	2a.3a
EPI_ISL_15811461	EPI_ISL_15811461	2b
EPI_ISL_15833433	EPI_ISL_15833433	2a.1
EPI_ISL_15833385	EPI_ISL_15833385	2a.1
EPI_ISL_15807501	EPI_ISL_15807501	2a.3
EPI_ISL_15807515	EPI_ISL_15807515	2b
EPI_ISL_15807509	EPI_ISL_15807509	2a.3
EPI_ISL_15929509	EPI_ISL_15929509	2b
EPI_ISL_15929502	EPI_ISL_15929502	2b
EPI_ISL_15929500	EPI_ISL_15929500	2b
EPI_ISL_15929487	EPI_ISL_15929487	2b
EPI_ISL_15929486	EPI_ISL_15929486	2b
EPI_ISL_15929484	EPI_ISL_15929484	2b
EPI_ISL_15898308	EPI_ISL_15898308	2a.1b
EPI_ISL_15837624	EPI_ISL_15837624	2b
EPI_ISL_15929646	EPI_ISL_15929646	2b
EPI_ISL_15928804	EPI_ISL_15928804	1a.1
EPI_ISL_15929664	EPI_ISL_15929664	2a.1
EPI_ISL_15929657	EPI_ISL_15929657	2b
EPI_ISL_15928790	EPI_ISL_15928790	2b
EPI_ISL_15928375	EPI_ISL_15928375	2b
EPI_ISL_15907669	EPI_ISL_15907669	2a.3a.1
EPI_ISL_15907667	EPI_ISL_15907667	2a.3a.1
EPI_ISL_15907666	EPI_ISL_15907666	2a.3a.1
EPI_ISL_15907663	EPI_ISL_15907663	2a.3a.1
EPI_ISL_15833376	EPI_ISL_15833376	2a.1
EPI_ISL_15833285	EPI_ISL_15833285	2a.1
EPI_ISL_15929635	EPI_ISL_15929635	2a.3
EPI_ISL_15929615	EPI_ISL_15929615	2a.3
EPI_ISL_15929607	EPI_ISL_15929607	2a.3b
EPI_ISL_15926953	EPI_ISL_15926953	2b
EPI_ISL_15926951	EPI_ISL_15926951	2a.3a.1
EPI_ISL_15926949	EPI_ISL_15926949	2a.3a.1
EPI_ISL_15926946	EPI_ISL_15926946	2b
EPI_ISL_15926940	EPI_ISL_15926940	2b
EPI_ISL_15926938	EPI_ISL_15926938	2a.3a.1
EPI_ISL_15926933	EPI_ISL_15926933	2b
EPI_ISL_15907722	EPI_ISL_15907722	2a.1
EPI_ISL_15929604	EPI_ISL_15929604	2a.3
EPI_ISL_15929506	EPI_ISL_15929506	2a.3a.1
EPI_ISL_15929493	EPI_ISL_15929493	2a.3a.1
EPI_ISL_15929492	EPI_ISL_15929492	2b
EPI_ISL_15928255	EPI_ISL_15928255	2b
EPI_ISL_15928253	EPI_ISL_15928253	2a.3a.1
EPI_ISL_15928252	EPI_ISL_15928252	2b
EPI_ISL_15928250	EPI_ISL_15928250	2b
EPI_ISL_15928199	EPI_ISL_15928199	2a.3a.1
EPI_ISL_15833294	EPI_ISL_15833294	2a.1
EPI_ISL_15807522	EPI_ISL_15807522	2b
EPI_ISL_15807488	EPI_ISL_15807488	2a.3
EPI_ISL_15833407	EPI_ISL_15833407	2a.1
EPI_ISL_15833327	EPI_ISL_15833327	2a.1
EPI_ISL_15833265	EPI_ISL_15833265	2a.1
EPI_ISL_15833429	EPI_ISL_15833429	2a.1
EPI_ISL_15907670	EPI_ISL_15907670	2a
EPI_ISL_15907660	EPI_ISL_15907660	2a
EPI_ISL_16027610	EPI_ISL_16027610	2b
EPI_ISL_16027602	EPI_ISL_16027602	2b
EPI_ISL_16075775	EPI_ISL_16075775	2b
EPI_ISL_16075769	EPI_ISL_16075769	2a.1b
EPI_ISL_16100805	EPI_ISL_16100805	2b
EPI_ISL_16100781	EPI_ISL_16100781	2b
EPI_ISL_16033015	EPI_ISL_16033015	2
EPI_ISL_15939837	EPI_ISL_15939837	2b
EPI_ISL_15939836	EPI_ISL_15939836	2b
EPI_ISL_15929881	EPI_ISL_15929881	2a.3b
EPI_ISL_15929611	EPI_ISL_15929611	2a.3b
EPI_ISL_16087623	EPI_ISL_16087623	2b
EPI_ISL_16003511	EPI_ISL_16003511	2a.1
EPI_ISL_16019091	EPI_ISL_16019091	2a.3a
EPI_ISL_16018968	EPI_ISL_16018968	2a.3a
EPI_ISL_16018853	EPI_ISL_16018853	2a.3a
EPI_ISL_16018746	EPI_ISL_16018746	2a.3a
EPI_ISL_16018578	EPI_ISL_16018578	2a.3a
EPI_ISL_16018430	EPI_ISL_16018430	2a.3a
EPI_ISL_16017463	EPI_ISL_16017463	2a.3a
EPI_ISL_15969713	EPI_ISL_15969713	2a.1
EPI_ISL_15969705	EPI_ISL_15969705	2a.3a.1
EPI_ISL_15969701	EPI_ISL_15969701	2b
EPI_ISL_15967440	EPI_ISL_15967440	2b
EPI_ISL_15967439	EPI_ISL_15967439	2b
EPI_ISL_15967421	EPI_ISL_15967421	2a.1
EPI_ISL_15967420	EPI_ISL_15967420	2a.1
EPI_ISL_15967409	EPI_ISL_15967409	2a.3a.1
EPI_ISL_15967408	EPI_ISL_15967408	2a.3a.1
EPI_ISL_15967404	EPI_ISL_15967404	2a.1
EPI_ISL_15937232	EPI_ISL_15937232	2a.3a.1
EPI_ISL_15937220	EPI_ISL_15937220	2a.3a.1
EPI_ISL_15937213	EPI_ISL_15937213	2a.3a.1
EPI_ISL_15937200	EPI_ISL_15937200	2a.1
EPI_ISL_16023360	EPI_ISL_16023360	2a.3
EPI_ISL_16003506	EPI_ISL_16003506	3C.2a1b.2a
EPI_ISL_16075752	EPI_ISL_16075752	2b
EPI_ISL_16075748	EPI_ISL_16075748	2b
EPI_ISL_16027580	EPI_ISL_16027580	2b
EPI_ISL_16054098	EPI_ISL_16054098	2b
EPI_ISL_15929870	EPI_ISL_15929870	2b
EPI_ISL_15929663	EPI_ISL_15929663	2a
EPI_ISL_15929670	EPI_ISL_15929670	2a.1b
EPI_ISL_15929867	EPI_ISL_15929867	2b
EPI_ISL_15929857	EPI_ISL_15929857	2a
EPI_ISL_16003505	EPI_ISL_16003505	2a.3a.1
EPI_ISL_16003476	EPI_ISL_16003476	2a.3a.1
EPI_ISL_16003475	EPI_ISL_16003475	2a.3a.1
EPI_ISL_16003439	EPI_ISL_16003439	2a.3a.1
EPI_ISL_16003426	EPI_ISL_16003426	2b
EPI_ISL_16054270	EPI_ISL_16054270	2b
EPI_ISL_16093969	EPI_ISL_16093969	1a.1
EPI_ISL_16093968	EPI_ISL_16093968	1a.1
EPI_ISL_16093966	EPI_ISL_16093966	1a.1
EPI_ISL_16093963	EPI_ISL_16093963	1a.1
EPI_ISL_16093955	EPI_ISL_16093955	1a.1
EPI_ISL_16093954	EPI_ISL_16093954	1a.1
EPI_ISL_16093951	EPI_ISL_16093951	1a.1
EPI_ISL_16093950	EPI_ISL_16093950	1a.1
EPI_ISL_16093949	EPI_ISL_16093949	1a.1
EPI_ISL_16093945	EPI_ISL_16093945	1a.1
EPI_ISL_16093943	EPI_ISL_16093943	1a.1
EPI_ISL_16093942	EPI_ISL_16093942	1a.1
EPI_ISL_16093941	EPI_ISL_16093941	1a.1
EPI_ISL_16093940	EPI_ISL_16093940	1a.1
EPI_ISL_16093939	EPI_ISL_16093939	1a.1
EPI_ISL_16093938	EPI_ISL_16093938	1a.1
EPI_ISL_16003432	EPI_ISL_16003432	2a.3a.1
EPI_ISL_16003430	EPI_ISL_16003430	2a.3a.1
EPI_ISL_16003516	EPI_ISL_16003516	2a.3b
EPI_ISL_16003517	EPI_ISL_16003517	2a.1
EPI_ISL_15937845	EPI_ISL_15937845	2a.3
EPI_ISL_15937844	EPI_ISL_15937844	2a.3a.1
EPI_ISL_15937843	EPI_ISL_15937843	2a.3b
EPI_ISL_15937842	EPI_ISL_15937842	2a.3
EPI_ISL_15937841	EPI_ISL_15937841	2a.3
EPI_ISL_15937840	EPI_ISL_15937840	2a.3b
EPI_ISL_15937839	EPI_ISL_15937839	2a.3a.1
EPI_ISL_15937838	EPI_ISL_15937838	2a.3
EPI_ISL_15937837	EPI_ISL_15937837	2a.3
EPI_ISL_16003423	EPI_ISL_16003423	2a.1
EPI_ISL_16003518	EPI_ISL_16003518	2a
EPI_ISL_16003435	EPI_ISL_16003435	2a.3a.1
EPI_ISL_16003509	EPI_ISL_16003509	2a.1
EPI_ISL_16003434	EPI_ISL_16003434	2a.1
EPI_ISL_16003433	EPI_ISL_16003433	2a.1b
EPI_ISL_16003515	EPI_ISL_16003515	2a.1
EPI_ISL_16003513	EPI_ISL_16003513	2a.1
EPI_ISL_16003512	EPI_ISL_16003512	2a.1
EPI_ISL_16003507	EPI_ISL_16003507	2a.1
EPI_ISL_16003428	EPI_ISL_16003428	2a.1
EPI_ISL_16196726	EPI_ISL_16196726	2b
EPI_ISL_16196722	EPI_ISL_16196722	2b
EPI_ISL_16199737	EPI_ISL_16199737	2b
EPI_ISL_16199736	EPI_ISL_16199736	2b
EPI_ISL_16199723	EPI_ISL_16199723	2b
EPI_ISL_16199722	EPI_ISL_16199722	2b
EPI_ISL_16199713	EPI_ISL_16199713	2b
EPI_ISL_16199711	EPI_ISL_16199711	2b
EPI_ISL_16199709	EPI_ISL_16199709	2b
EPI_ISL_16199705	EPI_ISL_16199705	2b
EPI_ISL_16199703	EPI_ISL_16199703	2b
EPI_ISL_16199683	EPI_ISL_16199683	2b
EPI_ISL_16199679	EPI_ISL_16199679	2b
EPI_ISL_16258266	EPI_ISL_16258266	2b
EPI_ISL_16258240	EPI_ISL_16258240	2a.3a.1
EPI_ISL_16258237	EPI_ISL_16258237	2b
EPI_ISL_16196716	EPI_ISL_16196716	2b
EPI_ISL_16258255	EPI_ISL_16258255	2b
EPI_ISL_16258254	EPI_ISL_16258254	2b
EPI_ISL_16196746	EPI_ISL_16196746	2b
EPI_ISL_16215292	EPI_ISL_16215292	2b
EPI_ISL_16215299	EPI_ISL_16215299	2a.1b
EPI_ISL_16182358	EPI_ISL_16182358	2b
EPI_ISL_16299969	EPI_ISL_16299969	2a.1b
EPI_ISL_16269114	EPI_ISL_16269114	2a.1b
EPI_ISL_16269113	EPI_ISL_16269113	2a.1b
EPI_ISL_16268867	EPI_ISL_16268867	2a.1b
EPI_ISL_16268613	EPI_ISL_16268613	2a.1b
EPI_ISL_16268333	EPI_ISL_16268333	2a.1b
EPI_ISL_16267837	EPI_ISL_16267837	2a.1b
EPI_ISL_16267434	EPI_ISL_16267434	2a.1b
EPI_ISL_16267155	EPI_ISL_16267155	2a.1b
EPI_ISL_16266874	EPI_ISL_16266874	2a.1b
EPI_ISL_16266519	EPI_ISL_16266519	2a.1b
EPI_ISL_16205887	EPI_ISL_16205887	2
EPI_ISL_16205455	EPI_ISL_16205455	2a.1b
EPI_ISL_16204443	EPI_ISL_16204443	2a.1b
EPI_ISL_16198124	EPI_ISL_16198124	3C.2a1b.2a
EPI_ISL_16260031	EPI_ISL_16260031	2a
EPI_ISL_16201344	EPI_ISL_16201344	2a.3
EPI_ISL_16157542	EPI_ISL_16157542	2b
EPI_ISL_16270208	EPI_ISL_16270208	2a.3a.1
EPI_ISL_16305060	EPI_ISL_16305060	2
EPI_ISL_16303685	EPI_ISL_16303685	2a.1b
EPI_ISL_16259283	EPI_ISL_16259283	2
EPI_ISL_16138967	EPI_ISL_16138967	2
EPI_ISL_16157559	EPI_ISL_16157559	2b
EPI_ISL_16157553	EPI_ISL_16157553	2b
EPI_ISL_16157551	EPI_ISL_16157551	2b
EPI_ISL_16157550	EPI_ISL_16157550	2b
EPI_ISL_16157547	EPI_ISL_16157547	2b
EPI_ISL_16157544	EPI_ISL_16157544	2b
EPI_ISL_16157543	EPI_ISL_16157543	2b
EPI_ISL_16157579	EPI_ISL_16157579	2b
EPI_ISL_16157567	EPI_ISL_16157567	2b
EPI_ISL_16258230	EPI_ISL_16258230	2a.1b
EPI_ISL_16196708	EPI_ISL_16196708	2a.1b
EPI_ISL_16196707	EPI_ISL_16196707	2b
EPI_ISL_16196699	EPI_ISL_16196699	2b
EPI_ISL_16196687	EPI_ISL_16196687	2b
EPI_ISL_16196685	EPI_ISL_16196685	2b
EPI_ISL_16196678	EPI_ISL_16196678	2b
EPI_ISL_16201369	EPI_ISL_16201369	2b
EPI_ISL_16212186	EPI_ISL_16212186	2a.1b
EPI_ISL_16212184	EPI_ISL_16212184	2a.3a.1
EPI_ISL_16212180	EPI_ISL_16212180	2b
EPI_ISL_16201222	EPI_ISL_16201222	2b
EPI_ISL_16201561	EPI_ISL_16201561	2b
EPI_ISL_16198122	EPI_ISL_16198122	2b
EPI_ISL_16201375	EPI_ISL_16201375	2a.1
EPI_ISL_16201361	EPI_ISL_16201361	2b
EPI_ISL_16199229	EPI_ISL_16199229	2b
EPI_ISL_16201340	EPI_ISL_16201340	2b
EPI_ISL_16201374	EPI_ISL_16201374	2a.1
EPI_ISL_16201552	EPI_ISL_16201552	2b
EPI_ISL_16201579	EPI_ISL_16201579	2a.3a.1
EPI_ISL_16201241	EPI_ISL_16201241	2b
EPI_ISL_16201265	EPI_ISL_16201265	2b
EPI_ISL_16201216	EPI_ISL_16201216	2b
EPI_ISL_16201589	EPI_ISL_16201589	2b
EPI_ISL_16201576	EPI_ISL_16201576	2a.1
EPI_ISL_16201550	EPI_ISL_16201550	2a.1
EPI_ISL_16201538	EPI_ISL_16201538	2a.1
EPI_ISL_16201261	EPI_ISL_16201261	2a
EPI_ISL_16201252	EPI_ISL_16201252	2a.1
EPI_ISL_16201236	EPI_ISL_16201236	2b
EPI_ISL_16201242	EPI_ISL_16201242	2b
EPI_ISL_16201521	EPI_ISL_16201521	2b
EPI_ISL_16201376	EPI_ISL_16201376	2
EPI_ISL_16199223	EPI_ISL_16199223	2a.1
EPI_ISL_16201342	EPI_ISL_16201342	2b
EPI_ISL_16201341	EPI_ISL_16201341	2b
EPI_ISL_16201470	EPI_ISL_16201470	2b
EPI_ISL_16201384	EPI_ISL_16201384	2b
EPI_ISL_16201423	EPI_ISL_16201423	2a.3a.1
EPI_ISL_16201385	EPI_ISL_16201385	2b
EPI_ISL_16201368	EPI_ISL_16201368	2a.1
EPI_ISL_16199247	EPI_ISL_16199247	2
EPI_ISL_16199245	EPI_ISL_16199245	2b
EPI_ISL_16201531	EPI_ISL_16201531	2b
EPI_ISL_16201380	EPI_ISL_16201380	2b
EPI_ISL_16201450	EPI_ISL_16201450	2b
EPI_ISL_16201654	EPI_ISL_16201654	2b
EPI_ISL_16201383	EPI_ISL_16201383	2b
EPI_ISL_16201378	EPI_ISL_16201378	2b
EPI_ISL_16201372	EPI_ISL_16201372	2b
EPI_ISL_16199238	EPI_ISL_16199238	2a.3a.1
EPI_ISL_16199133	EPI_ISL_16199133	2b
EPI_ISL_16254966	EPI_ISL_16254966	2
EPI_ISL_16254963	EPI_ISL_16254963	2a.1b
EPI_ISL_16201354	EPI_ISL_16201354	2a.3
EPI_ISL_16201348	EPI_ISL_16201348	2b
EPI_ISL_16201347	EPI_ISL_16201347	2b
EPI_ISL_16390317	EPI_ISL_16390317	2b
EPI_ISL_16350784	EPI_ISL_16350784	2a.1b
EPI_ISL_16390315	EPI_ISL_16390315	2a.1b
EPI_ISL_16390306	EPI_ISL_16390306	2a.1b
EPI_ISL_16390302	EPI_ISL_16390302	2b
EPI_ISL_16350771	EPI_ISL_16350771	2a.1b
EPI_ISL_16350764	EPI_ISL_16350764	2
EPI_ISL_16400680	EPI_ISL_16400680	2b
EPI_ISL_16386229	EPI_ISL_16386229	2a.1
EPI_ISL_16385338	EPI_ISL_16385338	3C.2a1b.2a
EPI_ISL_16311845	EPI_ISL_16311845	2b
EPI_ISL_16311841	EPI_ISL_16311841	2b
EPI_ISL_16311826	EPI_ISL_16311826	2b
EPI_ISL_16383765	EPI_ISL_16383765	2a.3b
EPI_ISL_16350753	EPI_ISL_16350753	2a.1b
EPI_ISL_16350747	EPI_ISL_16350747	2a.3a.1
EPI_ISL_16333223	EPI_ISL_16333223	2b
EPI_ISL_16333250	EPI_ISL_16333250	2a.1
EPI_ISL_16333248	EPI_ISL_16333248	2b
EPI_ISL_16333263	EPI_ISL_16333263	2b
EPI_ISL_16333247	EPI_ISL_16333247	2b
EPI_ISL_16333236	EPI_ISL_16333236	2b
EPI_ISL_16333140	EPI_ISL_16333140	2b
EPI_ISL_16380291	EPI_ISL_16380291	2b
EPI_ISL_16380281	EPI_ISL_16380281	2b
EPI_ISL_16380268	EPI_ISL_16380268	2a.3
EPI_ISL_16380208	EPI_ISL_16380208	2b
EPI_ISL_16380204	EPI_ISL_16380204	2a.3a.1
EPI_ISL_16380253	EPI_ISL_16380253	2b
EPI_ISL_16380214	EPI_ISL_16380214	2b
EPI_ISL_16380342	EPI_ISL_16380342	2b
EPI_ISL_16380341	EPI_ISL_16380341	2b
EPI_ISL_16380296	EPI_ISL_16380296	2b
EPI_ISL_16380292	EPI_ISL_16380292	2b
EPI_ISL_16380216	EPI_ISL_16380216	2a.1b
EPI_ISL_16380200	EPI_ISL_16380200	2b
EPI_ISL_16380210	EPI_ISL_16380210	2a.1b
EPI_ISL_16380209	EPI_ISL_16380209	2b
EPI_ISL_16380222	EPI_ISL_16380222	2b
EPI_ISL_16383834	EPI_ISL_16383834	2b
EPI_ISL_16380305	EPI_ISL_16380305	2b
EPI_ISL_16380293	EPI_ISL_16380293	2b
EPI_ISL_16380287	EPI_ISL_16380287	2b
EPI_ISL_16380211	EPI_ISL_16380211	2b
EPI_ISL_16447155	EPI_ISL_16447155	2a.3a.1
EPI_ISL_16384495	EPI_ISL_16384495	2b
EPI_ISL_16384453	EPI_ISL_16384453	2b
EPI_ISL_16384444	EPI_ISL_16384444	2b
EPI_ISL_16384438	EPI_ISL_16384438	2b
EPI_ISL_16384428	EPI_ISL_16384428	2a.3
EPI_ISL_16384405	EPI_ISL_16384405	2b
EPI_ISL_16333240	EPI_ISL_16333240	2a.1b
EPI_ISL_16333180	EPI_ISL_16333180	2b
EPI_ISL_16333175	EPI_ISL_16333175	2a.1b
EPI_ISL_16333153	EPI_ISL_16333153	2a.1
EPI_ISL_16384445	EPI_ISL_16384445	2b
EPI_ISL_16333957	EPI_ISL_16333957	2a.3a.1
EPI_ISL_16333955	EPI_ISL_16333955	2a.1b
EPI_ISL_16383829	EPI_ISL_16383829	2a.1
EPI_ISL_16383821	EPI_ISL_16383821	2a.1
EPI_ISL_16383820	EPI_ISL_16383820	2a.1
EPI_ISL_16383813	EPI_ISL_16383813	2a.1
EPI_ISL_16383788	EPI_ISL_16383788	2a.1
EPI_ISL_16383776	EPI_ISL_16383776	2a.1
EPI_ISL_16383772	EPI_ISL_16383772	2a.1
EPI_ISL_16383770	EPI_ISL_16383770	2a.1
EPI_ISL_16383767	EPI_ISL_16383767	2a
EPI_ISL_176732	EPI_ISL_176732	3C.2
EPI_ISL_192696	EPI_ISL_192696	3C.3a
EPI_ISL_191709	EPI_ISL_191709	3C.2
EPI_ISL_193166	EPI_ISL_193166	3C.2
EPI_ISL_201303	EPI_ISL_201303	3C.2a
EPI_ISL_202916	EPI_ISL_202916	3C.2a
EPI_ISL_202892	EPI_ISL_202892	3C.2a
EPI_ISL_202884	EPI_ISL_202884	3C.2a
EPI_ISL_206282	EPI_ISL_206282	3C.3
EPI_ISL_208627	EPI_ISL_208627	3C.2a
EPI_ISL_209097	EPI_ISL_209097	3C.2a
EPI_ISL_219238	EPI_ISL_219238	3C.3a
EPI_ISL_219239	EPI_ISL_219239	3C.3a
EPI_ISL_219125	EPI_ISL_219125	3C.2a
EPI_ISL_222065	EPI_ISL_222065	3C.3a
EPI_ISL_227637	EPI_ISL_227637	3C.2a1
EPI_ISL_227639	EPI_ISL_227639	3C.2a
EPI_ISL_233441	EPI_ISL_233441	3C.2a1
EPI_ISL_232560	EPI_ISL_232560	3C.3a
EPI_ISL_230303	EPI_ISL_230303	3C.2a1
EPI_ISL_239687	EPI_ISL_239687	3C.2a1
EPI_ISL_239701	EPI_ISL_239701	3C.2a3
EPI_ISL_238612	EPI_ISL_238612	3C.2a
EPI_ISL_240790	EPI_ISL_240790	3C.2a3
EPI_ISL_241590	EPI_ISL_241590	3C.2a1
EPI_ISL_240836	EPI_ISL_240836	3C.2a3
EPI_ISL_239828	EPI_ISL_239828	3C.2a1
EPI_ISL_249207	EPI_ISL_249207	3C.2a2
EPI_ISL_249201	EPI_ISL_249201	3C.2a2
EPI_ISL_311692	EPI_ISL_311692	3C.2a1
