3C.2a2	EPI_ISL_252740
3C.3a	EPI_ISL_258392
3C.2a1	EPI_ISL_259804
3C.2a1	EPI_ISL_258358
3C.2a1	EPI_ISL_258344
3C.2a1a	EPI_ISL_268305
3C.2a1b.1	EPI_ISL_269024
3C.2a1	EPI_ISL_269771
3C.2a1b.1	EPI_ISL_277940
3C.2a1b.1	EPI_ISL_284661
3C.2a2	EPI_ISL_283128
3C.2a2	EPI_ISL_284907
3C.2a1b.1	EPI_ISL_283178
3C.2a1	EPI_ISL_296435
3C.2a4	EPI_ISL_292541
3C.3a1	EPI_ISL_292575
3C.2a2	EPI_ISL_294252
3C.2a2	EPI_ISL_298379
3C.2a1b.1	EPI_ISL_303093
3C.2a1b.1	EPI_ISL_303068
3C.3a1	EPI_ISL_305809
3C.2a2	EPI_ISL_305018
3C.2a1b.1	EPI_ISL_307872
3C.2a2	EPI_ISL_312267
3C.2a1b.1	EPI_ISL_314925
3C.2a1	EPI_ISL_314014
3C.2a2	EPI_ISL_322718
3C.2a1b.1	EPI_ISL_322728
3C.2a2	EPI_ISL_396179
3C.2a1b.2	EPI_ISL_332171
3C.2a1b.2	EPI_ISL_335436
3C.2a1b.2b	EPI_ISL_339839
3C.2a2	EPI_ISL_339838
3C.2a1b.2b	EPI_ISL_339720
3C.2a1b.2	EPI_ISL_346283
3C.3a1	EPI_ISL_351791
3C.2a3	EPI_ISL_363881
3C.2a1b.1b	EPI_ISL_363971
3C.2a1b.2b	EPI_ISL_363864
3C.2a1b.1b	EPI_ISL_377302
3C.2a1b.2b	EPI_ISL_389563
3C.2a1b.1b	EPI_ISL_398842
3C.2a1b.2a	EPI_ISL_397301
3C.2a1b.1b	EPI_ISL_404076
3C.2a1b.1b	EPI_ISL_410589
3C.2a1b.2a	EPI_ISL_411135
3C.2a1b.1a	EPI_ISL_424836
1	EPI_ISL_483574
3C.2a1b.1a	EPI_ISL_458288
3C.2a1b.2a	EPI_ISL_506029
3C.2a1b.1b	EPI_ISL_584120
2	EPI_ISL_3723515
2	EPI_ISL_2365362
2	EPI_ISL_2365361
3C.2a1b.2a	EPI_ISL_2365360
2d	EPI_ISL_2365359
2	EPI_ISL_2365358
2	EPI_ISL_2365356
2d	EPI_ISL_1718310
2d	EPI_ISL_1718307
2	EPI_ISL_1718306
3C.2a1b.2a	EPI_ISL_1246963
2	EPI_ISL_1246959
3C.2a1b.1b	EPI_ISL_3372559
2c	EPI_ISL_2800343
2d	EPI_ISL_2800342
2d	EPI_ISL_956338
2a	EPI_ISL_1913253
2a.2	EPI_ISL_3723499
2a.2	EPI_ISL_3723514
3C.2a1b.1a	EPI_ISL_3797777
2a.1	EPI_ISL_3797776
2a	EPI_ISL_2234358
2a	EPI_ISL_2234357
2	EPI_ISL_1760817
2	EPI_ISL_1760813
2	EPI_ISL_1055767
2	EPI_ISL_860634
2a.2	EPI_ISL_2178976
3C.2a1b.1a	EPI_ISL_1647861
3C.2a1b.1a	EPI_ISL_1367590
3C.2a1b.1a	EPI_ISL_1367588
2	EPI_ISL_1296491
2	EPI_ISL_1015484
2	EPI_ISL_767337
3C.2a1b.2a	EPI_ISL_3479384
2a.3	EPI_ISL_3950037
3C.2a1b.1a	EPI_ISL_2625815
3C.2a1b.1a	EPI_ISL_2625814
3C.2a1b.1a	EPI_ISL_2625813
3C.2a1b.1a	EPI_ISL_2625812
3C.2a1b.1a	EPI_ISL_2625811
3C.2a1b.1a	EPI_ISL_882872
2	EPI_ISL_1296354
2	EPI_ISL_1064138
2	EPI_ISL_1064134
2	EPI_ISL_1064127
3C.2a1b.1a	EPI_ISL_1296317
3C.2a1b.1a	EPI_ISL_1296315
3C.2a1b.1a	EPI_ISL_1296311
3C.2a1b.1a	EPI_ISL_1296309
2	EPI_ISL_2932453
2	EPI_ISL_2233244
2c	EPI_ISL_3794349
1a	EPI_ISL_1296489
2c	EPI_ISL_1732523
3C.2a1b.1a	EPI_ISL_3534324
3C.2a1b.1a	EPI_ISL_3534323
3C.2a1b.1a	EPI_ISL_3534322
1a	EPI_ISL_2245467
1a	EPI_ISL_2245466
1a	EPI_ISL_2245465
1a	EPI_ISL_2245464
1a	EPI_ISL_2245463
1a	EPI_ISL_2245462
3C.2a1b.1b	EPI_ISL_2245461
1a	EPI_ISL_2245460
1a	EPI_ISL_2245459
2d	EPI_ISL_3184705
2d	EPI_ISL_3184704
2d	EPI_ISL_3184703
2d	EPI_ISL_3184702
2d	EPI_ISL_3184701
2d	EPI_ISL_3184700
2d	EPI_ISL_3184699
2	EPI_ISL_3085357
2d	EPI_ISL_2918671
2d	EPI_ISL_2918670
2d	EPI_ISL_2918669
2d	EPI_ISL_2918668
2d	EPI_ISL_2918667
2d	EPI_ISL_2918665
2d	EPI_ISL_2918663
2	EPI_ISL_2918661
2	EPI_ISL_2918660
2d	EPI_ISL_2918659
2d	EPI_ISL_2918656
2	EPI_ISL_2918653
2d	EPI_ISL_2918651
2a.2	EPI_ISL_3571238
2a	EPI_ISL_3534319
1	EPI_ISL_3101063
1	EPI_ISL_3101005
1	EPI_ISL_3101004
1	EPI_ISL_3101003
1	EPI_ISL_3101002
1	EPI_ISL_3101001
1	EPI_ISL_3100996
1	EPI_ISL_3100993
1	EPI_ISL_3100992
1	EPI_ISL_3100991
1	EPI_ISL_2932602
2c	EPI_ISL_4005779
2c	EPI_ISL_4005773
2a.3	EPI_ISL_4005768
2c	EPI_ISL_4005767
2d	EPI_ISL_3534325
2c	EPI_ISL_3534318
2d	EPI_ISL_3534316
2	EPI_ISL_1296360
3C.2a1b.1a	EPI_ISL_4005760
3C.2a1b.1a	EPI_ISL_4005753
3C.2a1b.1a	EPI_ISL_4005751
2a	EPI_ISL_4005765
2a	EPI_ISL_4005764
2	EPI_ISL_2932740
3C.2a1b.2b	EPI_ISL_477592
2c	EPI_ISL_3102211
2c	EPI_ISL_3102209
2a.3	EPI_ISL_3950044
2a.3a	EPI_ISL_3837459
2a.3	EPI_ISL_3837458
2a	EPI_ISL_3837455
2a.3	EPI_ISL_3837384
2a.3	EPI_ISL_3837348
2a.3	EPI_ISL_3837314
3C.2a1b.2a	EPI_ISL_3801278
2a	EPI_ISL_2932607
2a	EPI_ISL_2932606
1	EPI_ISL_2932603
1	EPI_ISL_2621726
1	EPI_ISL_2621725
2a	EPI_ISL_2233241
2a	EPI_ISL_2233234
2a	EPI_ISL_1563629
1	EPI_ISL_1292812
3C.3a	EPI_ISL_3355458
1a	EPI_ISL_944639
3C.2a1b.1b	EPI_ISL_514683
3C.2a1b.1a	EPI_ISL_3950047
2a	EPI_ISL_3950046
3C.2a1b.1a	EPI_ISL_3836431
2a.3	EPI_ISL_4537562
2a.2	EPI_ISL_4237003
2a.3	EPI_ISL_6437359
2a.3	EPI_ISL_6189580
2a.3	EPI_ISL_6437356
2a.3	EPI_ISL_4525906
2a.3	EPI_ISL_6189545
2a.3	EPI_ISL_6437361
2a.3	EPI_ISL_5166672
2a.3	EPI_ISL_4969110
2a.3	EPI_ISL_5782457
2a.3	EPI_ISL_5166666
2a.3	EPI_ISL_5782456
2a.2	EPI_ISL_5056431
2a.2	EPI_ISL_6829573
2a.2	EPI_ISL_4105991
2a.2	EPI_ISL_6180294
2a.2	EPI_ISL_5522641
2a.3	EPI_ISL_5935498
2a.3	EPI_ISL_5935489
2a.3	EPI_ISL_5935360
2a.3	EPI_ISL_5935288
2	EPI_ISL_5935277
2a.2	EPI_ISL_4809699
2a.2	EPI_ISL_4473225
3C.2a1b.1b	EPI_ISL_5135324
3C.2a1b.1b	EPI_ISL_5135311
2a.1	EPI_ISL_5743010
2a.2	EPI_ISL_6227753
2a.2	EPI_ISL_5175223
2a.3	EPI_ISL_5526904
2a.1	EPI_ISL_6075502
2a.1	EPI_ISL_6075500
2a.1	EPI_ISL_6075496
2a	EPI_ISL_6075494
2a.1a	EPI_ISL_6854998
2a.1a	EPI_ISL_6854994
2a.1a	EPI_ISL_6854991
2a.1a	EPI_ISL_6854990
2a.1a	EPI_ISL_6854987
2a.1a	EPI_ISL_5412074
2a.1a	EPI_ISL_5412071
2a.1a	EPI_ISL_5412066
2a.1a	EPI_ISL_5412059
2a.1a	EPI_ISL_5412058
2a.1a	EPI_ISL_5412056
2a.1a	EPI_ISL_5412053
2a.1a	EPI_ISL_5412042
2a.1a	EPI_ISL_4702770
2a.1a	EPI_ISL_4702769
2c	EPI_ISL_4702755
2c	EPI_ISL_4702754
2a.2	EPI_ISL_6157769
2a.3	EPI_ISL_6852550
2a.3	EPI_ISL_6852209
2a	EPI_ISL_4537046
2a.3	EPI_ISL_5419125
2a	EPI_ISL_5419124
2a	EPI_ISL_5419122
2a.3	EPI_ISL_5419120
2a.3b	EPI_ISL_5419118
2a.3	EPI_ISL_5419117
2a.3	EPI_ISL_5419114
2a.3	EPI_ISL_5419108
2a	EPI_ISL_5419107
2a.3	EPI_ISL_5419105
2a	EPI_ISL_5419103
2a	EPI_ISL_5419101
2a.3a	EPI_ISL_5419100
2a	EPI_ISL_5419099
2c	EPI_ISL_5419098
2a.3b	EPI_ISL_6424987
2a	EPI_ISL_6424986
3C.2a1b.1a	EPI_ISL_4373562
2a.1a	EPI_ISL_6306706
2a.1a	EPI_ISL_6600759
2a.1	EPI_ISL_6306578
2	EPI_ISL_5979547
2a	EPI_ISL_4373590
2a.3	EPI_ISL_5069995
2a.1a	EPI_ISL_6306633
3C.3a	EPI_ISL_5933276
3C.2a1b.1	EPI_ISL_5983954
1a	EPI_ISL_5984059
1a	EPI_ISL_5984046
1a	EPI_ISL_5984020
1a	EPI_ISL_5983995
1a	EPI_ISL_5327628
1a	EPI_ISL_5327627
1a	EPI_ISL_5327625
1a	EPI_ISL_5327623
1a	EPI_ISL_5327619
1a	EPI_ISL_5327614
1a	EPI_ISL_4221817
1a	EPI_ISL_4221815
1a	EPI_ISL_4221813
1a	EPI_ISL_4221811
1a	EPI_ISL_4221806
1a	EPI_ISL_4221804
1a	EPI_ISL_4221802
1a	EPI_ISL_4221800
1a	EPI_ISL_4221798
1a	EPI_ISL_4221797
2a	EPI_ISL_4036582
2d	EPI_ISL_4373446
2	EPI_ISL_4080569
2c	EPI_ISL_5365813
2c	EPI_ISL_5365814
2c	EPI_ISL_6075490
2a	EPI_ISL_6075486
2c	EPI_ISL_6075485
2	EPI_ISL_6075484
2c	EPI_ISL_6075479
2c	EPI_ISL_6075477
2c	EPI_ISL_5365842
2c	EPI_ISL_5365841
2c	EPI_ISL_5365840
2c	EPI_ISL_5365834
2c	EPI_ISL_5365832
2c	EPI_ISL_4005784
2c	EPI_ISL_6698581
2c	EPI_ISL_6698580
2a.3	EPI_ISL_6698579
2a.3	EPI_ISL_6424989
2a.3	EPI_ISL_6424988
2a.3	EPI_ISL_5933274
2c	EPI_ISL_5933273
2a.3	EPI_ISL_5933272
2a.3a	EPI_ISL_5522632
2a.3	EPI_ISL_4761846
2a.3	EPI_ISL_4761845
2a.3	EPI_ISL_4761844
2a.3	EPI_ISL_4036584
2a.3	EPI_ISL_4036583
1a	EPI_ISL_5984033
1a	EPI_ISL_5327629
1a	EPI_ISL_5327622
1a	EPI_ISL_5327621
1a	EPI_ISL_5327618
1a	EPI_ISL_5327616
1a	EPI_ISL_4760584
1a	EPI_ISL_4197191
2a.3	EPI_ISL_8480671
2a.3	EPI_ISL_8125099
2a.3	EPI_ISL_7896992
3C.2a1b.1a	EPI_ISL_8452433
3C.2a1b.1a	EPI_ISL_7602443
2a.1	EPI_ISL_7637944
2a.2	EPI_ISL_6940687
2a.1	EPI_ISL_8377538
2a.1	EPI_ISL_8377575
2a.3	EPI_ISL_7637974
2a	EPI_ISL_7483848
2a.3	EPI_ISL_8152178
2a.1	EPI_ISL_7992217
2a.1	EPI_ISL_6915273
2a.1	EPI_ISL_6915270
2a.3	EPI_ISL_8035424
2a	EPI_ISL_6940691
2a.1a	EPI_ISL_7602540
2	EPI_ISL_7602555
2a.1a	EPI_ISL_7602547
2a.3	EPI_ISL_7260405
2a.3	EPI_ISL_6915293
2a.3	EPI_ISL_6915292
2a.3	EPI_ISL_6915282
3C.2a1b.1b	EPI_ISL_7257674
3C.2a1b.1b	EPI_ISL_7257660
3C.2a1b.1b	EPI_ISL_7257636
3C.2a1b.1b	EPI_ISL_7257594
2a.3	EPI_ISL_7260223
3C.2a1b.1a	EPI_ISL_7458492
2a.3	EPI_ISL_8152167
2a.3	EPI_ISL_8152070
2a.3	EPI_ISL_8035509
2a.3	EPI_ISL_8035463
2a.3	EPI_ISL_8035431
2c	EPI_ISL_7458683
2a.2	EPI_ISL_8717253
2a.3	EPI_ISL_8609231
2a.3	EPI_ISL_8609169
3C.2a1b.1a	EPI_ISL_8808393
3C.2a1b.1a	EPI_ISL_8808392
3C.2a1b.1a	EPI_ISL_8636658
3C.2a1b.1a	EPI_ISL_8636654
3C.2a1b.1a	EPI_ISL_8636644
3C.2a1b.1a	EPI_ISL_8636643
3C.2a1b.1a	EPI_ISL_8636640
3C.2a1b.1a	EPI_ISL_8636639
3C.2a1b.1a	EPI_ISL_8636638
3C.2a1b.1a	EPI_ISL_8636635
3C.2a1b.1a	EPI_ISL_8557750
3C.2a1b.1a	EPI_ISL_8557749
2a	EPI_ISL_8812929
2a	EPI_ISL_8812399
2a.1	EPI_ISL_8576429
2a.3	EPI_ISL_8576448
2a.1	EPI_ISL_8814493
2a.1a	EPI_ISL_8814489
2a.1a	EPI_ISL_8814251
2a.1a	EPI_ISL_8814248
2a.1a	EPI_ISL_8814393
2a.1a	EPI_ISL_8636633
2a.3	EPI_ISL_8814233
2a.1a	EPI_ISL_8636589
2a.1a	EPI_ISL_8636542
2a.1a	EPI_ISL_8636612
2a.1a	EPI_ISL_8814304
2a.1a	EPI_ISL_8557856
2a.1a	EPI_ISL_8814205
2a.1a	EPI_ISL_8814263
2	EPI_ISL_8557865
2c	EPI_ISL_8767094
2a.1a	EPI_ISL_8636609
2a.1	EPI_ISL_8786118
2a	EPI_ISL_8808680
2c	EPI_ISL_8808669
2c	EPI_ISL_8808667
2a.3b	EPI_ISL_8808408
2a.3b	EPI_ISL_8808406
2a.3b	EPI_ISL_8640748
2a.3	EPI_ISL_8640747
2a.3	EPI_ISL_8640746
2a	EPI_ISL_8640745
2a.3	EPI_ISL_8559166
2a.3	EPI_ISL_8558047
2a.3	EPI_ISL_8558044
2a.3	EPI_ISL_8558030
2a.3	EPI_ISL_8558029
2a.3	EPI_ISL_8558021
2a.3a	EPI_ISL_8767093
2a.3	EPI_ISL_9272119
2a.3	EPI_ISL_8936761
2a.1	EPI_ISL_9009482
2a.3	EPI_ISL_9349289
2a	EPI_ISL_9303737
2a.3	EPI_ISL_9303740
2a.2	EPI_ISL_9260818
2c	EPI_ISL_9260830
2c	EPI_ISL_9383743
2a.3	EPI_ISL_9383734
2a	EPI_ISL_8929295
2a.3	EPI_ISL_8929287
2a.2	EPI_ISL_8833481
2a.3	EPI_ISL_9401959
2a.3	EPI_ISL_9208093
2c	EPI_ISL_9260541
2a.2	EPI_ISL_9260536
2a.3	EPI_ISL_9389004
2a.3	EPI_ISL_9388964
2a.1	EPI_ISL_9250432
2a	EPI_ISL_9198201
3C.2a1b.1a	EPI_ISL_9388994
3C.2a1b.1a	EPI_ISL_9346201
3C.2a1b.1a	EPI_ISL_9388981
3C.2a1b.1a	EPI_ISL_9388969
3C.2a1b.1a	EPI_ISL_9388967
3C.2a1b.2a	EPI_ISL_9388961
3C.2a1b.1a	EPI_ISL_9388957
3C.2a1b.1a	EPI_ISL_9388953
3C.2a1b.1a	EPI_ISL_9388941
3C.2a1b.2a	EPI_ISL_9388937
3C.2a1b.1a	EPI_ISL_9388929
3C.2a1b.1a	EPI_ISL_9388924
3C.2a1b.1a	EPI_ISL_9388923
3C.2a1b.1a	EPI_ISL_9388922
3C.2a1b.1a	EPI_ISL_9390626
3C.2a1b.1a	EPI_ISL_9390622
3C.2a1b.1a	EPI_ISL_9390621
3C.2a1b.1a	EPI_ISL_9390613
2a.1a	EPI_ISL_9033512
2a.1a	EPI_ISL_9390637
2a.1a	EPI_ISL_9033780
2a.3	EPI_ISL_9033527
2a.1a	EPI_ISL_9033434
2a.1a	EPI_ISL_9033732
2a.1a	EPI_ISL_9033679
2a.1a	EPI_ISL_9389014
2a.1a	EPI_ISL_9346161
2a.1	EPI_ISL_9389036
2a.1a	EPI_ISL_9346177
2a.3	EPI_ISL_9033663
2a.1a	EPI_ISL_9033698
2c	EPI_ISL_9390625
2a.3	EPI_ISL_9359992
2c	EPI_ISL_9346127
2c	EPI_ISL_9346126
2c	EPI_ISL_9346120
2c	EPI_ISL_9346119
2c	EPI_ISL_9346117
2	EPI_ISL_9401994
2	EPI_ISL_9401984
3C.2a1b.1	EPI_ISL_9401983
2a.2	EPI_ISL_9140457
2a.1a	EPI_ISL_9390629
2c	EPI_ISL_9401973
2a.1	EPI_ISL_9067283
3C.2a1b.1a	EPI_ISL_9402251
3C.2a1b.1b	EPI_ISL_9402230
2a.3	EPI_ISL_9109813
2a.3	EPI_ISL_9109660
2a.3	EPI_ISL_9109650
2a.3	EPI_ISL_9109639
2a.3	EPI_ISL_9401987
2a.3	EPI_ISL_9401966
2a.3	EPI_ISL_9707563
2a.3	EPI_ISL_9528045
2a.2	EPI_ISL_9637153
2a.3	EPI_ISL_9525004
2a.1	EPI_ISL_10733105
2a	EPI_ISL_10117010
2a.3	EPI_ISL_10626840
2a.1	EPI_ISL_9593269
2a.3	EPI_ISL_9673932
2a.1	EPI_ISL_9847986
2a.3	EPI_ISL_9847985
2a.3	EPI_ISL_10826388
2a.3	EPI_ISL_10826382
2a	EPI_ISL_10626780
2a.3a	EPI_ISL_10626779
2a.3	EPI_ISL_10826466
2a.3	EPI_ISL_10826454
2a.3	EPI_ISL_10826452
2a.3	EPI_ISL_10493220
2a.1a	EPI_ISL_10493165
2a.1	EPI_ISL_9847987
2c	EPI_ISL_10493278
2a.2	EPI_ISL_10493267
2a.2	EPI_ISL_10493243
2a.2	EPI_ISL_10493195
2a.2	EPI_ISL_10493134
2c	EPI_ISL_10493116
2a.3	EPI_ISL_10337731
2a.1	EPI_ISL_10337730
1	EPI_ISL_9627685
2	EPI_ISL_9627679
2c	EPI_ISL_9533464
2a.2	EPI_ISL_9842659
2a.3b	EPI_ISL_9533449
2a.3	EPI_ISL_9847988
2a.3	EPI_ISL_9847626
2a.3	EPI_ISL_9847623
3C.2a1b.1a	EPI_ISL_9533500
2a.3	EPI_ISL_10828774
2a.3	EPI_ISL_11204855
2a.3	EPI_ISL_11204848
2a.3a	EPI_ISL_11403079
2a.3	EPI_ISL_11403046
2a.1	EPI_ISL_11309947
2a.2	EPI_ISL_10945291
2a.1	EPI_ISL_11449486
2a.1	EPI_ISL_11112385
2c	EPI_ISL_11019881
2a.3	EPI_ISL_11497701
2a.3	EPI_ISL_11497700
2a.3	EPI_ISL_11497697
2a.3	EPI_ISL_11497696
2a.3	EPI_ISL_11497695
2a.3	EPI_ISL_11497692
2a.3	EPI_ISL_11497691
2a.3	EPI_ISL_11497690
2a.3	EPI_ISL_11497688
2a.3	EPI_ISL_11496732
2a.3a	EPI_ISL_10828595
3C.2a1b.1a	EPI_ISL_10828585
2a.3a	EPI_ISL_10828573
2a.3a	EPI_ISL_10828561
2a.3a	EPI_ISL_10828552
2a.3a	EPI_ISL_10828549
2a.3a	EPI_ISL_10828548
2a.3a	EPI_ISL_10828540
2a.1	EPI_ISL_11149561
2a.3	EPI_ISL_10985671
2c	EPI_ISL_11496537
3C.2a1b.1a	EPI_ISL_10827397
2b	EPI_ISL_11449440
2a.3	EPI_ISL_11449435
3C.2a1b.1b	EPI_ISL_11497682
3C.2a1b.1a	EPI_ISL_11497679
3C.2a1b.1a	EPI_ISL_11497678
3C.2a1b.1b	EPI_ISL_11497677
3C.2a1b.1a	EPI_ISL_11497675
3C.2a1b.1a	EPI_ISL_11497674
3C.2a1b.1a	EPI_ISL_11497672
3C.2a1b.1b	EPI_ISL_11497671
3C.2a1b.1a	EPI_ISL_11497670
3C.2a1b.1a	EPI_ISL_11497669
3C.2a1b.1b	EPI_ISL_11497657
3C.2a1b.1b	EPI_ISL_11497651
3C.2a1b.1b	EPI_ISL_11496828
3C.2a1b.1b	EPI_ISL_11496589
3C.2a1b.1a	EPI_ISL_11496587
3C.2a1b.1b	EPI_ISL_11496584
3C.2a1b.1b	EPI_ISL_11496583
3C.2a1b.1a	EPI_ISL_11496568
3C.2a1b.1a	EPI_ISL_11496567
3C.2a1b.1b	EPI_ISL_11496564
3C.2a1b.1a	EPI_ISL_11496556
3C.2a1b.1a	EPI_ISL_11496548
3C.2a1b.1b	EPI_ISL_11496545
3C.2a1b.1b	EPI_ISL_11496532
3C.2a1b.1a	EPI_ISL_11496530
3C.2a1b.1b	EPI_ISL_11496527
3C.2a1b.1a	EPI_ISL_11496826
3C.2a1b.1a	EPI_ISL_11496825
3C.2a1b.1a	EPI_ISL_11496823
3C.2a1b.1a	EPI_ISL_11496813
3C.2a1b.1a	EPI_ISL_11496706
3C.2a1b.1a	EPI_ISL_11496703
3C.2a1b.1a	EPI_ISL_11496631
3C.2a1b.1a	EPI_ISL_11496609
3C.2a1b.1a	EPI_ISL_11496607
3C.2a1b.1a	EPI_ISL_11496601
2a	EPI_ISL_11496586
2a	EPI_ISL_11496581
2a.3	EPI_ISL_11303034
2a.3	EPI_ISL_11497622
2a.1a	EPI_ISL_11497637
1a	EPI_ISL_11303037
3C.2a1b.1b	EPI_ISL_10828384
2a	EPI_ISL_10828517
1	EPI_ISL_11499453
1	EPI_ISL_11499448
1	EPI_ISL_11499447
2a.3	EPI_ISL_11499461
2a.3	EPI_ISL_11499458
2a.1	EPI_ISL_11499455
2a.1	EPI_ISL_11499454
2a.1	EPI_ISL_11499451
2a.3	EPI_ISL_11497653
2a.3	EPI_ISL_11499449
2a	EPI_ISL_11499460
2a	EPI_ISL_11499459
2a	EPI_ISL_11499457
2a	EPI_ISL_11499456
2a.3	EPI_ISL_11303033
2a.3	EPI_ISL_11303032
2a.3	EPI_ISL_11303031
2a.3	EPI_ISL_11303030
2a.3	EPI_ISL_11303029
2a.3	EPI_ISL_11303028
2a.1	EPI_ISL_11886492
2a.3a	EPI_ISL_11956886
2a.3a	EPI_ISL_11956882
2a.3a	EPI_ISL_11956819
2a.3a	EPI_ISL_11956807
2a.1	EPI_ISL_11805563
2a.1	EPI_ISL_11805569
2a	EPI_ISL_11969531
2a.3	EPI_ISL_11969530
2a.3	EPI_ISL_11956896
2a.3	EPI_ISL_11956894
2a.3	EPI_ISL_11956892
2a.3	EPI_ISL_11956889
2a.3	EPI_ISL_11956887
2a.3	EPI_ISL_11956885
2a.3	EPI_ISL_11956824
2a.3	EPI_ISL_11956822
2a.2	EPI_ISL_11787403
2a.1	EPI_ISL_11787161
2a.1	EPI_ISL_11887852
2a.1	EPI_ISL_11669496
2a.3	EPI_ISL_11563873
3C.2a1b.1b	EPI_ISL_11969437
3C.2a1b.1b	EPI_ISL_11969436
2a.3	EPI_ISL_11563544
2a.3	EPI_ISL_11969460
3C.2a1b.2a	EPI_ISL_11969459
2a.3	EPI_ISL_11969457
2a.3	EPI_ISL_11969453
2a.1	EPI_ISL_11814316
2a.1	EPI_ISL_11533883
2a.1a	EPI_ISL_11956556
2a	EPI_ISL_11532908
2a.3	EPI_ISL_11532873
2a.1a	EPI_ISL_11956739
2a.3a	EPI_ISL_11533902
2c	EPI_ISL_11532892
2a.1a	EPI_ISL_11956694
2a.2	EPI_ISL_11955903
2a.3	EPI_ISL_11956579
2a.3	EPI_ISL_11956391
2a.3	EPI_ISL_11533826
2a.1a	EPI_ISL_11800300
2a.3	EPI_ISL_11800299
2a.1	EPI_ISL_11956884
2a.1	EPI_ISL_11956867
2a.3	EPI_ISL_11956853
2a.3	EPI_ISL_11563542
2a.3	EPI_ISL_11956826
2a.3	EPI_ISL_12000428
2a.3	EPI_ISL_12000424
2a.1	EPI_ISL_12323576
2b	EPI_ISL_12212655
2a.2	EPI_ISL_12215506
2a.2	EPI_ISL_12215505
2a	EPI_ISL_12121017
2a.3	EPI_ISL_12187425
2a.3	EPI_ISL_12206264
2a.1	EPI_ISL_12206253
2a.1	EPI_ISL_12206250
3C.2a1b.1a	EPI_ISL_12187472
2a.3	EPI_ISL_12179139
2a.1a	EPI_ISL_12109561
2	EPI_ISL_12219330
2a.1a	EPI_ISL_12206275
3C.2a1b.1a	EPI_ISL_12219468
2a.3a	EPI_ISL_12219459
2a.3a	EPI_ISL_12219432
2a.2	EPI_ISL_12219520
2b	EPI_ISL_11985657
2a.1a	EPI_ISL_12206273
2a.3	EPI_ISL_12206270
2a.3	EPI_ISL_12206268
2a.1a	EPI_ISL_12206266
2a.1a	EPI_ISL_12206248
2a.1	EPI_ISL_12240109
2a.3	EPI_ISL_12240108
2a.3	EPI_ISL_12206254
2a.1	EPI_ISL_12240133
2c	EPI_ISL_12240150
3C.2a1b.1a	EPI_ISL_12219339
2a.3a	EPI_ISL_12219337
2a	EPI_ISL_12206255
2a.1	EPI_ISL_12676548
2b	EPI_ISL_12567901
2a.1	EPI_ISL_12429557
2a.1	EPI_ISL_12579956
2a.1	EPI_ISL_12422543
2a.1	EPI_ISL_12579936
2a.1	EPI_ISL_12579926
2a.1	EPI_ISL_12579922
2a.1	EPI_ISL_12579896
2a.1	EPI_ISL_12579869
2a.1	EPI_ISL_12338970
2a.3	EPI_ISL_12607373
2a.1a	EPI_ISL_12713349
2a.1	EPI_ISL_12713266
2a.1a	EPI_ISL_12713421
2a.3	EPI_ISL_12710449
2b	EPI_ISL_12555385
2a.1	EPI_ISL_12579939
2c	EPI_ISL_12710458
2c	EPI_ISL_12710453
3C.2a1b.1a	EPI_ISL_12579920
2a.1	EPI_ISL_12579915
2a.1	EPI_ISL_12839663
2a	EPI_ISL_12839617
3C.2a1b.1b	EPI_ISL_12717542
2a.3	EPI_ISL_12715958
2a.3	EPI_ISL_12713474
2a.1a	EPI_ISL_12716201
2b	EPI_ISL_12713962
2a.3	EPI_ISL_12716171
2a.1	EPI_ISL_12713497
2a.3b	EPI_ISL_12713556
3C.2a1b.1a	EPI_ISL_13017087
2a.1	EPI_ISL_12809100
2a.3	EPI_ISL_13044342
2a.3	EPI_ISL_13044327
2a.3	EPI_ISL_13044321
2a.3	EPI_ISL_13044320
2a.1	EPI_ISL_13202111
2a.1	EPI_ISL_13200111
2a.1	EPI_ISL_13200103
2a.2	EPI_ISL_13202982
2c	EPI_ISL_13202800
2c	EPI_ISL_13202799
2c	EPI_ISL_13089778
2	EPI_ISL_13089402
2a.1	EPI_ISL_13163890
2a.1	EPI_ISL_13163862
1	EPI_ISL_13175633
1	EPI_ISL_13175624
1	EPI_ISL_13175623
2a.1	EPI_ISL_13017095
2a.1	EPI_ISL_13017093
2a.1	EPI_ISL_13175615
2c	EPI_ISL_13399709
2c	EPI_ISL_13344093
2a.2	EPI_ISL_13343730
2a.2	EPI_ISL_13343729
2a.2	EPI_ISL_13343728
2a.2	EPI_ISL_13343727
2a.2	EPI_ISL_13343726
2a.1	EPI_ISL_13328983
2a.3b	EPI_ISL_13339947
3C.2a1b.2a	EPI_ISL_13339946
2a.1	EPI_ISL_13339942
3C.2a1b.1b	EPI_ISL_13285547
2a.3a	EPI_ISL_13343699
2a.1a	EPI_ISL_13284543
2a.1	EPI_ISL_13284133
2a.1	EPI_ISL_13284237
2a	EPI_ISL_13284212
2a.1	EPI_ISL_13284223
2a.1a	EPI_ISL_13344641
2a.3b	EPI_ISL_13284551
2a.3	EPI_ISL_13284606
2a.3	EPI_ISL_13284598
2a.3	EPI_ISL_13284592
2a.3	EPI_ISL_13284184
2	EPI_ISL_13339919
2a.3	EPI_ISL_13284292
2a.3	EPI_ISL_13284306
2a.3	EPI_ISL_13284287
2a.3	EPI_ISL_13284285
2a.3	EPI_ISL_13284273
2a.3	EPI_ISL_13284272
2a	EPI_ISL_13398707
2a.1	EPI_ISL_13398659
2a.1	EPI_ISL_13398651
2a.1	EPI_ISL_13398685
2a.3	EPI_ISL_13284205
2a.3	EPI_ISL_13284204
2a.3	EPI_ISL_13284190
2a.3	EPI_ISL_13398690
3C.2a1b.1a	EPI_ISL_13493341
2a.3	EPI_ISL_13755533
2a.3	EPI_ISL_13631779
2a.3	EPI_ISL_13631777
2a.3	EPI_ISL_13631776
2a.3	EPI_ISL_13631687
2a.3	EPI_ISL_13631522
2a.3	EPI_ISL_13631521
2a.3	EPI_ISL_13631520
2a.3	EPI_ISL_13631518
2a.3	EPI_ISL_13614361
2a.3	EPI_ISL_13614323
2a.3	EPI_ISL_13631686
3C.2a1b.2a	EPI_ISL_13885638
1a.1	EPI_ISL_13497571
1a.1	EPI_ISL_13497569
2a.1a	EPI_ISL_13655118
2a.3	EPI_ISL_13655116
3C.2a1b.1a	EPI_ISL_13837799
2a.1	EPI_ISL_13837768
3C.2a1b.1a	EPI_ISL_13837766
2a.1	EPI_ISL_13817396
2a.3a	EPI_ISL_13655699
2a.3a	EPI_ISL_13655698
2a.3a	EPI_ISL_13655692
2a.3a	EPI_ISL_13655675
2a.3a	EPI_ISL_13655673
2a.3a	EPI_ISL_13655672
2a.3a	EPI_ISL_13655671
2a.3a	EPI_ISL_13655668
2a.3a	EPI_ISL_13655662
2a.3a	EPI_ISL_13655578
2a.3a	EPI_ISL_13655572
2a.3a	EPI_ISL_13655559
2a.3a	EPI_ISL_13655556
2a.3a	EPI_ISL_13655555
2a.3a	EPI_ISL_13655510
2a.3a	EPI_ISL_13655483
2a.3a	EPI_ISL_13655479
2a.3a	EPI_ISL_13655478
2a.3a	EPI_ISL_13655472
2a.3a	EPI_ISL_13655471
2a.3a	EPI_ISL_13655470
2a.3a	EPI_ISL_13655466
2a.1	EPI_ISL_13655461
2a.3a	EPI_ISL_13655460
2a.3a	EPI_ISL_13655459
2a.1	EPI_ISL_13655458
2a.3a	EPI_ISL_13655454
2a.1	EPI_ISL_13655452
2a.3a	EPI_ISL_13655451
2a.1	EPI_ISL_13531022
2a.3	EPI_ISL_13531183
2b	EPI_ISL_13704132
2b	EPI_ISL_13704129
2a.1	EPI_ISL_13704121
2a.3a	EPI_ISL_14254651
3C.2a1b.1a	EPI_ISL_14016110
3C.2a1b.1a	EPI_ISL_14016106
3C.2a1b.1a	EPI_ISL_14016112
3C.2a1b.1a	EPI_ISL_14016111
3C.2a1b.1a	EPI_ISL_14016109
3C.2a1b.1a	EPI_ISL_14016108
3C.2a1b.1a	EPI_ISL_14016107
2a.1	EPI_ISL_14145091
2a	EPI_ISL_14145019
2a.3	EPI_ISL_13892749
2a.1	EPI_ISL_14161816
2a.1	EPI_ISL_13984023
2a.3a	EPI_ISL_14212917
2a.3a	EPI_ISL_14212911
2a.3a	EPI_ISL_14212906
2a.3a	EPI_ISL_13983347
2a.3a	EPI_ISL_13983323
2a.3a	EPI_ISL_13983322
2a.3a	EPI_ISL_13983315
2a.3a	EPI_ISL_13983313
2a.3a	EPI_ISL_13983307
2b	EPI_ISL_14036092
2a.3b	EPI_ISL_13951194
2a.3	EPI_ISL_14036337
2a.3	EPI_ISL_14036335
2a.3	EPI_ISL_14036329
2a	EPI_ISL_13892742
3C.2a1b.2a	EPI_ISL_13892740
2a.3	EPI_ISL_13892735
2a.3	EPI_ISL_13892733
2c	EPI_ISL_14198762
2c	EPI_ISL_14198758
2c	EPI_ISL_14213016
2a.2	EPI_ISL_14213006
1a.1	EPI_ISL_14033700
1a.1	EPI_ISL_14033699
1a.1	EPI_ISL_14033698
1a.1	EPI_ISL_14033340
1a.1	EPI_ISL_14033338
1a.1	EPI_ISL_14033328
1a.1	EPI_ISL_14033319
1a.1	EPI_ISL_14033313
1a.1	EPI_ISL_14033216
1a.1	EPI_ISL_14033215
2a	EPI_ISL_14161815
1	EPI_ISL_14161807
1	EPI_ISL_14161806
2a	EPI_ISL_14161778
2a	EPI_ISL_14161741
2a	EPI_ISL_14161735
2c	EPI_ISL_14212958
2a.3a	EPI_ISL_13983334
2a.1	EPI_ISL_13892683
2a.1	EPI_ISL_14116582
2a.1	EPI_ISL_14116580
2a.1	EPI_ISL_14161754
2a.1	EPI_ISL_14225278
2c	EPI_ISL_14225329
2a	EPI_ISL_14225344
2a	EPI_ISL_14225342
3C.2a1b.2a	EPI_ISL_14225340
2a.3	EPI_ISL_13951193
2a.1	EPI_ISL_14258049
2a.3	EPI_ISL_14279797
2a	EPI_ISL_14618974
2a.2	EPI_ISL_14326686
2a.1	EPI_ISL_14333013
1a.1	EPI_ISL_14456609
1a.1	EPI_ISL_14456605
1a.1	EPI_ISL_14456603
1a.1	EPI_ISL_14456601
1a.1	EPI_ISL_14456599
1a.1	EPI_ISL_14456598
1a.1	EPI_ISL_14456597
1a.1	EPI_ISL_14456595
1a.1	EPI_ISL_14456592
1a.1	EPI_ISL_14456586
1a.1	EPI_ISL_14456582
1a.1	EPI_ISL_14456579
1a.1	EPI_ISL_14456578
1a.1	EPI_ISL_14456565
1a.1	EPI_ISL_14456564
1a.1	EPI_ISL_14456563
1a.1	EPI_ISL_14456560
2a.3	EPI_ISL_14569509
2a.1	EPI_ISL_14569502
2a.1a	EPI_ISL_14569501
2a.1a	EPI_ISL_14569500
2a.1a	EPI_ISL_14569499
2a.1	EPI_ISL_14569498
2a.3	EPI_ISL_14569497
2a.3	EPI_ISL_14649039
2a.1	EPI_ISL_14320131
2a.1	EPI_ISL_14320129
2a.1	EPI_ISL_14320127
2a.1	EPI_ISL_14320125
2a.1	EPI_ISL_14320124
2a.1	EPI_ISL_14333113
2b	EPI_ISL_14333090
2a	EPI_ISL_14467669
2a	EPI_ISL_14467662
2a	EPI_ISL_14467536
2a.3	EPI_ISL_14854652
2a.3a	EPI_ISL_14854650
2a.3	EPI_ISL_14854648
2a.3b	EPI_ISL_14854647
2a.3	EPI_ISL_14854646
2a.3a	EPI_ISL_14854645
2a.3a	EPI_ISL_14854644
2a.3	EPI_ISL_14854643
2a.3	EPI_ISL_14854642
2a	EPI_ISL_14854639
2a.3b	EPI_ISL_14836412
2a.3	EPI_ISL_14870927
2a	EPI_ISL_14924365
2a.3	EPI_ISL_14924338
2a.3	EPI_ISL_14904020
2a.3	EPI_ISL_14900877
2a.3	EPI_ISL_14892802
2	EPI_ISL_14863125
2c	EPI_ISL_14862709
2a.3a	EPI_ISL_14863107
1a.1	EPI_ISL_14818913
2a.1	EPI_ISL_14795027
2c	EPI_ISL_14759145
2a	EPI_ISL_14862569
2a	EPI_ISL_14727222
2c	EPI_ISL_14727221
2c	EPI_ISL_14727219
2c	EPI_ISL_14727216
2c	EPI_ISL_14727215
2c	EPI_ISL_14727212
2c	EPI_ISL_14727211
2c	EPI_ISL_14727209
2c	EPI_ISL_14727208
2c	EPI_ISL_14727206
2a	EPI_ISL_14653679
2a	EPI_ISL_14653661
2a	EPI_ISL_14653648
2a	EPI_ISL_14653642
2a	EPI_ISL_14653542
2a	EPI_ISL_14653508
2a	EPI_ISL_14653507
2a	EPI_ISL_14653506
2a.1	EPI_ISL_14758990
2a.3b	EPI_ISL_14991382
3C.2a1b.1b	EPI_ISL_16201358
2	EPI_ISL_16201214
3C.2a1b.1b	EPI_ISL_16201213
3C.2a1b.1b	EPI_ISL_16201210
3C.2a1b.1b	EPI_ISL_16201209
3C.2a1b.1b	EPI_ISL_16201208
3C.2a1b.1b	EPI_ISL_16201207
3C.2a1b.1b	EPI_ISL_16201200
2	EPI_ISL_16201195
2	EPI_ISL_16201194
2	EPI_ISL_16201185
3C.2a1b.1b	EPI_ISL_16201184
3C.2a1b.1b	EPI_ISL_16201183
3C.2a1b.1b	EPI_ISL_16201068
3C.2a1b.1b	EPI_ISL_16201067
3C.2a1b.1b	EPI_ISL_16201066
3C.2a1b.1b	EPI_ISL_16201065
3C.2a1b.1b	EPI_ISL_16201058
3C.2a1b.1b	EPI_ISL_16201055
3C.2a1b.1b	EPI_ISL_16201051
3C.2a1b.1b	EPI_ISL_16201048
3C.2a1b.1b	EPI_ISL_16201044
3C.2a1b.1b	EPI_ISL_16200945
2a.3	EPI_ISL_14938111
2a.3	EPI_ISL_14936970
2a.3	EPI_ISL_14928120
2a.3	EPI_ISL_14928283
2a.3	EPI_ISL_15288601
3C.2a1b.2a	EPI_ISL_15288585
2a	EPI_ISL_15929878
2a.3a	EPI_ISL_15929601
2a.3b	EPI_ISL_15724419
2a.3a	EPI_ISL_15724418
2a.3	EPI_ISL_15394468
2a	EPI_ISL_15394467
2a	EPI_ISL_15394462
2a.3	EPI_ISL_15394432
2a	EPI_ISL_15394429
2a	EPI_ISL_15394427
2a.3a	EPI_ISL_15394421
2a.3a	EPI_ISL_15393537
2a	EPI_ISL_15393525
2a	EPI_ISL_15393520
3C.2a1b.2a	EPI_ISL_15288635
2a	EPI_ISL_15394061
3C.2a1b.1a	EPI_ISL_16200604
2a	EPI_ISL_15610640
2a.1	EPI_ISL_14951633
2a.1	EPI_ISL_14951632
2a.1	EPI_ISL_14951631
2a.1	EPI_ISL_14951629
2a.1	EPI_ISL_14951628
2a.1	EPI_ISL_14951627
2a.1	EPI_ISL_14951625
2a.3b	EPI_ISL_14951623
2a.1	EPI_ISL_14951621
2a.1	EPI_ISL_15288574
2a.3	EPI_ISL_13471375
2a.1	EPI_ISL_13471382
2a.1	EPI_ISL_12599416
2a.1	EPI_ISL_12870585
2b	EPI_ISL_12973157
2a.1	EPI_ISL_13304976
2a.1	EPI_ISL_13503284
2b	EPI_ISL_13580982
2a	EPI_ISL_13892703
2a.1	EPI_ISL_13344415
2a.1a	EPI_ISL_13284250
2a.1	EPI_ISL_13892702
2b	EPI_ISL_13344396
2a.1	EPI_ISL_13344578
2a.1	EPI_ISL_13344571
2a.1	EPI_ISL_13774484
2a.3b	EPI_ISL_13343709
2b	EPI_ISL_13892716
2a.1	EPI_ISL_13175644
2a.1	EPI_ISL_13339932
2b	EPI_ISL_13837786
2a.1	EPI_ISL_13817407
2a.3a.1	EPI_ISL_13817405
2a.1	EPI_ISL_13817403
2a.1	EPI_ISL_13817401
2a.3a.1	EPI_ISL_13892684
2a.3a.1	EPI_ISL_13892682
2a.3a.1	EPI_ISL_13892679
2a.3a.1	EPI_ISL_13892678
2a.3a.1	EPI_ISL_13892676
2b	EPI_ISL_13892674
2a.3a.1	EPI_ISL_13892668
2a.3a.1	EPI_ISL_13892667
2a.3a	EPI_ISL_13655515
2a.3a	EPI_ISL_13655512
2a.3a	EPI_ISL_13655509
2a.3a	EPI_ISL_13655508
2a.3a	EPI_ISL_13655506
2a.1	EPI_ISL_13655505
2a.1	EPI_ISL_13175665
2b	EPI_ISL_13704134
2a.1	EPI_ISL_14027405
2a.1	EPI_ISL_14120582
2a.1	EPI_ISL_13983940
2b	EPI_ISL_14120597
2a.3a	EPI_ISL_13957767
2a.3a	EPI_ISL_13957765
2a.3a.1	EPI_ISL_14036100
2a.3b	EPI_ISL_14036099
2b	EPI_ISL_14036097
2a.3a.1	EPI_ISL_14036096
2b	EPI_ISL_14036093
2a.1	EPI_ISL_14027397
2a.1	EPI_ISL_14199433
2a.1a	EPI_ISL_14036320
2a.2	EPI_ISL_14036309
2a	EPI_ISL_14036306
2a.1a	EPI_ISL_14036300
2a.1a	EPI_ISL_14036179
2a.1a	EPI_ISL_14036162
2b	EPI_ISL_14036292
2a.1a	EPI_ISL_14036290
2a.1	EPI_ISL_14036288
2a.1a	EPI_ISL_13897067
2a.3b	EPI_ISL_13897044
2a.3	EPI_ISL_13983962
2a.1	EPI_ISL_14036150
2a.1	EPI_ISL_14225317
1a.1	EPI_ISL_14456628
1a	EPI_ISL_14456624
1a.1	EPI_ISL_14456536
1a.1	EPI_ISL_14456531
1a.1	EPI_ISL_14456517
1a.1	EPI_ISL_14456508
1a.1	EPI_ISL_14456500
1a.1	EPI_ISL_14456495
1a.1	EPI_ISL_14456488
1a.1	EPI_ISL_14033308
1a.1	EPI_ISL_14033305
1a.1	EPI_ISL_14033284
2a.1	EPI_ISL_14225273
2a.3a.1	EPI_ISL_14212994
2a.3a	EPI_ISL_14212963
2a.3a	EPI_ISL_13983335
2a.1	EPI_ISL_13984006
3C.2a1b.2a	EPI_ISL_14115597
2a.1	EPI_ISL_14115557
2a.1	EPI_ISL_14115538
2b	EPI_ISL_14811841
2a.1	EPI_ISL_14809175
2a.1	EPI_ISL_14811840
2a.3	EPI_ISL_14819775
2a.3a	EPI_ISL_14836419
2a	EPI_ISL_14836418
2a.3b	EPI_ISL_14836416
2a.3b	EPI_ISL_14836415
2a.3b	EPI_ISL_14836414
2a.3	EPI_ISL_14836413
2a.1	EPI_ISL_14570071
2b	EPI_ISL_14572277
2a.1	EPI_ISL_14610718
2a.1	EPI_ISL_14610686
2a.1	EPI_ISL_14610678
2	EPI_ISL_14610654
2b	EPI_ISL_14862595
2a.1b	EPI_ISL_14493163
2a	EPI_ISL_14466677
2a	EPI_ISL_14862562
2a	EPI_ISL_14466674
2b	EPI_ISL_14862566
2b	EPI_ISL_14466664
2a	EPI_ISL_14862547
2a.1	EPI_ISL_14509094
2a.3a	EPI_ISL_14862591
2	EPI_ISL_14862717
2	EPI_ISL_14862605
2a.3a.1	EPI_ISL_14862592
1a.1	EPI_ISL_14818946
1a.1	EPI_ISL_14818944
1a.1	EPI_ISL_14818942
1a.1	EPI_ISL_14818939
1a.1	EPI_ISL_14818937
1a.1	EPI_ISL_14818919
1a.1	EPI_ISL_14818910
1a.1	EPI_ISL_14818900
1	EPI_ISL_14818892
1a.1	EPI_ISL_14818888
1a.1	EPI_ISL_14818863
1a.1	EPI_ISL_14818853
1a.1	EPI_ISL_14818848
1a.1	EPI_ISL_14818846
1a.1	EPI_ISL_14818845
1a.1	EPI_ISL_14818844
1a.1	EPI_ISL_14818843
1a.1	EPI_ISL_14818841
1a.1	EPI_ISL_14818839
1a.1	EPI_ISL_14818836
1a.1	EPI_ISL_14818831
2a.3	EPI_ISL_14759153
2a.3	EPI_ISL_14660238
2a.1	EPI_ISL_14819734
2a.3a.1	EPI_ISL_14862545
2b	EPI_ISL_14727223
2b	EPI_ISL_14466575
2a.3a.1	EPI_ISL_14466574
2a.3a.1	EPI_ISL_14466571
2a.3a.1	EPI_ISL_14466570
2b	EPI_ISL_14466568
1a.1	EPI_ISL_14862714
2a	EPI_ISL_14653481
2a.1	EPI_ISL_14660231
2a.1	EPI_ISL_14660220
2a.1	EPI_ISL_14794940
2a.3	EPI_ISL_14862723
2a.1	EPI_ISL_14809159
2a.1	EPI_ISL_14467651
2a.3a.1	EPI_ISL_14467639
2b	EPI_ISL_14977277
2a.3	EPI_ISL_14986699
2a.3	EPI_ISL_14986692
2b	EPI_ISL_14986690
2b	EPI_ISL_14924429
2b	EPI_ISL_15210613
2a.1	EPI_ISL_14977264
2a.1	EPI_ISL_14924359
2a.3	EPI_ISL_14991494
3C.2a1b.2a	EPI_ISL_15259145
3C.2a1b.2a	EPI_ISL_15259076
3C.2a1b.2a	EPI_ISL_15232187
3C.2a1b.2a	EPI_ISL_15232185
2a.3	EPI_ISL_15288453
2a.3	EPI_ISL_14863121
2a.3	EPI_ISL_14863098
2a.3	EPI_ISL_14863092
2a.3	EPI_ISL_14863091
2a.3	EPI_ISL_14925583
2a.3	EPI_ISL_14924432
2a.3	EPI_ISL_14923896
2b	EPI_ISL_14923375
2a.3	EPI_ISL_14922302
2a.3	EPI_ISL_14920977
2a.3	EPI_ISL_14920798
2a.3	EPI_ISL_14904030
2a.3	EPI_ISL_14903819
2a.3	EPI_ISL_14892809
2a.3	EPI_ISL_14890768
2a.3	EPI_ISL_14923379
2a.3	EPI_ISL_15394409
2a.3	EPI_ISL_15288569
2a.3b	EPI_ISL_15364210
2a.3	EPI_ISL_15288434
2a.3a	EPI_ISL_15288431
2a.3a	EPI_ISL_15288430
2a.3a	EPI_ISL_15288429
2a.3a	EPI_ISL_15288399
2a.3a	EPI_ISL_14951644
2a.3a	EPI_ISL_14951643
2a.3a	EPI_ISL_14951642
2b	EPI_ISL_14926034
2b	EPI_ISL_14926024
2b	EPI_ISL_14925998
2b	EPI_ISL_14925997
2b	EPI_ISL_14925919
2a.3	EPI_ISL_15394423
2a	EPI_ISL_15394416
2b	EPI_ISL_14863104
2b	EPI_ISL_14863093
2a.3a	EPI_ISL_15363454
2a.1	EPI_ISL_15210580
2a.1b	EPI_ISL_15081640
2	EPI_ISL_14977297
2a.1	EPI_ISL_14977289
2a.1b	EPI_ISL_14924355
2a.3a	EPI_ISL_15260058
2a	EPI_ISL_15291314
2b	EPI_ISL_15288449
2a.1	EPI_ISL_15288444
2b	EPI_ISL_15291328
2b	EPI_ISL_14950238
2b	EPI_ISL_15291323
2a.3	EPI_ISL_14863110
2a.1	EPI_ISL_15260065
2a.1	EPI_ISL_15260064
2a.1	EPI_ISL_15260063
2a.3	EPI_ISL_15393523
2a.3	EPI_ISL_15288447
2a.3b	EPI_ISL_14863128
2a.3b	EPI_ISL_14863127
2a	EPI_ISL_14863105
2a.3	EPI_ISL_15025116
2a.3	EPI_ISL_15025102
1a.1	EPI_ISL_14863109
1a.1	EPI_ISL_14863097
2a.3a	EPI_ISL_15364209
2a.3a	EPI_ISL_15364208
2a	EPI_ISL_14991516
2a	EPI_ISL_14991490
2a.1	EPI_ISL_14991394
2a.1	EPI_ISL_14991255
2a.1	EPI_ISL_14991491
2a.1	EPI_ISL_14991488
2a.1	EPI_ISL_14991392
2a.1	EPI_ISL_14991390
2a.1	EPI_ISL_14991387
2a.1	EPI_ISL_14991386
2c	EPI_ISL_14870582
2c	EPI_ISL_14870500
2b	EPI_ISL_14991267
2c	EPI_ISL_14991266
2b	EPI_ISL_14991262
2c	EPI_ISL_14991260
2a.3a.1	EPI_ISL_14991619
2a.1	EPI_ISL_15288593
2a.1	EPI_ISL_15288581
2a.1	EPI_ISL_15288575
2a.3a.1	EPI_ISL_15288468
2a.1	EPI_ISL_15288460
2a.1	EPI_ISL_14991515
2a.3a.1	EPI_ISL_14991374
2a.1	EPI_ISL_14991373
2a.1	EPI_ISL_14991372
2a.3a.1	EPI_ISL_14991371
2b	EPI_ISL_15656894
2b	EPI_ISL_15656892
2b	EPI_ISL_15656860
2b	EPI_ISL_15656849
2b	EPI_ISL_15714843
2a.1	EPI_ISL_15447045
2a.1	EPI_ISL_15447043
2b	EPI_ISL_15683240
2b	EPI_ISL_15683233
2a.3	EPI_ISL_15683232
2b	EPI_ISL_15724803
2c	EPI_ISL_15724632
2a.3a	EPI_ISL_15724536
2c	EPI_ISL_15724417
2b	EPI_ISL_15724409
2b	EPI_ISL_15724387
2b	EPI_ISL_15724386
2c	EPI_ISL_15724383
2c	EPI_ISL_15724382
2c	EPI_ISL_15724381
2c	EPI_ISL_15724348
2b	EPI_ISL_15505744
2b	EPI_ISL_15446908
2b	EPI_ISL_15394460
2a.3	EPI_ISL_15394458
2b	EPI_ISL_15394457
2a.3	EPI_ISL_15394455
2a.3	EPI_ISL_15394448
2a	EPI_ISL_15394447
2a.3	EPI_ISL_15394444
2a.3a.1	EPI_ISL_15394443
2a.3	EPI_ISL_15394442
2a.3b	EPI_ISL_15394441
2a.3	EPI_ISL_15394439
2a.3	EPI_ISL_15394433
2a.3b	EPI_ISL_15394431
2a.3	EPI_ISL_15656889
3C.2a1b.2a	EPI_ISL_15656888
2a	EPI_ISL_15656880
2b	EPI_ISL_15724031
2a.3a.1	EPI_ISL_15724028
2a.3a.1	EPI_ISL_15724027
2a.3a.1	EPI_ISL_15724023
2a.3a.1	EPI_ISL_15724022
2a.3a.1	EPI_ISL_15724021
2b	EPI_ISL_15641751
2b	EPI_ISL_15641750
2b	EPI_ISL_15610796
2b	EPI_ISL_15610794
2a.3	EPI_ISL_15610787
2a.3a.1	EPI_ISL_15610783
2a.3a.1	EPI_ISL_15610781
2a.3a.1	EPI_ISL_15610779
2a.3a.1	EPI_ISL_15610773
2a.1	EPI_ISL_15504806
2a.1	EPI_ISL_15504805
2a.1	EPI_ISL_15504803
2a.1	EPI_ISL_15437362
2a.3	EPI_ISL_15657197
2a	EPI_ISL_15426956
2a.1	EPI_ISL_15426896
2b	EPI_ISL_15447251
2b	EPI_ISL_15447174
2a.3a.1	EPI_ISL_15724432
2a.3a.1	EPI_ISL_15724429
2a.3a.1	EPI_ISL_15724428
2a.3	EPI_ISL_15724426
2a	EPI_ISL_15724435
2a.1	EPI_ISL_15715029
2b	EPI_ISL_15724421
2a.3	EPI_ISL_15394451
2a.3	EPI_ISL_15394450
2a.3	EPI_ISL_15394449
2b	EPI_ISL_15394436
2a.3	EPI_ISL_15394434
2b	EPI_ISL_15714981
2a.1b	EPI_ISL_15447010
2a.3a.1	EPI_ISL_15728518
2b	EPI_ISL_15728511
2b	EPI_ISL_15898327
2b	EPI_ISL_15837637
2a.1b	EPI_ISL_15895149
2a.1b	EPI_ISL_15889810
2a.3a.1	EPI_ISL_15888793
2a.1b	EPI_ISL_15888507
2a.1	EPI_ISL_15803840
2b	EPI_ISL_15803831
2a.1b	EPI_ISL_15859378
2a.3b	EPI_ISL_15929641
2a.3b	EPI_ISL_15929639
2a.3b	EPI_ISL_15929634
2a.3b	EPI_ISL_15929632
2a.3b	EPI_ISL_15929623
2a.3b	EPI_ISL_15929616
2a.3b	EPI_ISL_15929613
2a.3b	EPI_ISL_15929610
2a.3b	EPI_ISL_15929609
2a.3a	EPI_ISL_15929605
2a.3a	EPI_ISL_15929510
2a.3a	EPI_ISL_15929507
2a.3a	EPI_ISL_15929501
2a.3a	EPI_ISL_15929499
2a.3a	EPI_ISL_15929498
2a.3a	EPI_ISL_15929497
2a.3a	EPI_ISL_15929496
2a.3a	EPI_ISL_15929495
2a.3a	EPI_ISL_15929494
2a.3a	EPI_ISL_15929485
2a.3a	EPI_ISL_15929483
2b	EPI_ISL_15811461
2a.1	EPI_ISL_15833433
2a.1	EPI_ISL_15833385
2a.3	EPI_ISL_15807501
2b	EPI_ISL_15807515
2a.3	EPI_ISL_15807509
2b	EPI_ISL_15929509
2b	EPI_ISL_15929502
2b	EPI_ISL_15929500
2b	EPI_ISL_15929487
2b	EPI_ISL_15929486
2b	EPI_ISL_15929484
2a.1b	EPI_ISL_15898308
2b	EPI_ISL_15837624
2b	EPI_ISL_15929646
1a.1	EPI_ISL_15928804
2a.1	EPI_ISL_15929664
2b	EPI_ISL_15929657
2b	EPI_ISL_15928790
2b	EPI_ISL_15928375
2a.3a.1	EPI_ISL_15907669
2a.3a.1	EPI_ISL_15907667
2a.3a.1	EPI_ISL_15907666
2a.3a.1	EPI_ISL_15907663
2a.1	EPI_ISL_15833376
2a.1	EPI_ISL_15833285
2a.3	EPI_ISL_15929635
2a.3	EPI_ISL_15929615
2a.3b	EPI_ISL_15929607
2b	EPI_ISL_15926953
2a.3a.1	EPI_ISL_15926951
2a.3a.1	EPI_ISL_15926949
2b	EPI_ISL_15926946
2b	EPI_ISL_15926940
2a.3a.1	EPI_ISL_15926938
2b	EPI_ISL_15926933
2a.1	EPI_ISL_15907722
2a.3	EPI_ISL_15929604
2a.3a.1	EPI_ISL_15929506
2a.3a.1	EPI_ISL_15929493
2b	EPI_ISL_15929492
2b	EPI_ISL_15928255
2a.3a.1	EPI_ISL_15928253
2b	EPI_ISL_15928252
2b	EPI_ISL_15928250
2a.3a.1	EPI_ISL_15928199
2a.1	EPI_ISL_15833294
2b	EPI_ISL_15807522
2a.3	EPI_ISL_15807488
2a.1	EPI_ISL_15833407
2a.1	EPI_ISL_15833327
2a.1	EPI_ISL_15833265
2a.1	EPI_ISL_15833429
2a	EPI_ISL_15907670
2a	EPI_ISL_15907660
2b	EPI_ISL_16027610
2b	EPI_ISL_16027602
2b	EPI_ISL_16075775
2a.1b	EPI_ISL_16075769
2b	EPI_ISL_16100805
2b	EPI_ISL_16100781
2	EPI_ISL_16033015
2b	EPI_ISL_15939837
2b	EPI_ISL_15939836
2a.3b	EPI_ISL_15929881
2a.3b	EPI_ISL_15929611
2b	EPI_ISL_16087623
2a.1	EPI_ISL_16003511
2a.3a	EPI_ISL_16019091
2a.3a	EPI_ISL_16018968
2a.3a	EPI_ISL_16018853
2a.3a	EPI_ISL_16018746
2a.3a	EPI_ISL_16018578
2a.3a	EPI_ISL_16018430
2a.3a	EPI_ISL_16017463
2a.1	EPI_ISL_15969713
2a.3a.1	EPI_ISL_15969705
2b	EPI_ISL_15969701
2b	EPI_ISL_15967440
2b	EPI_ISL_15967439
2a.1	EPI_ISL_15967421
2a.1	EPI_ISL_15967420
2a.3a.1	EPI_ISL_15967409
2a.3a.1	EPI_ISL_15967408
2a.1	EPI_ISL_15967404
2a.3a.1	EPI_ISL_15937232
2a.3a.1	EPI_ISL_15937220
2a.3a.1	EPI_ISL_15937213
2a.1	EPI_ISL_15937200
2a.3	EPI_ISL_16023360
3C.2a1b.2a	EPI_ISL_16003506
2b	EPI_ISL_16075752
2b	EPI_ISL_16075748
2b	EPI_ISL_16027580
2b	EPI_ISL_16054098
2b	EPI_ISL_15929870
2a	EPI_ISL_15929663
2a.1b	EPI_ISL_15929670
2b	EPI_ISL_15929867
2a	EPI_ISL_15929857
2a.3a.1	EPI_ISL_16003505
2a.3a.1	EPI_ISL_16003476
2a.3a.1	EPI_ISL_16003475
2a.3a.1	EPI_ISL_16003439
2b	EPI_ISL_16003426
2b	EPI_ISL_16054270
1a.1	EPI_ISL_16093969
1a.1	EPI_ISL_16093968
1a.1	EPI_ISL_16093966
1a.1	EPI_ISL_16093963
1a.1	EPI_ISL_16093955
1a.1	EPI_ISL_16093954
1a.1	EPI_ISL_16093951
1a.1	EPI_ISL_16093950
1a.1	EPI_ISL_16093949
1a.1	EPI_ISL_16093945
1a.1	EPI_ISL_16093943
1a.1	EPI_ISL_16093942
1a.1	EPI_ISL_16093941
1a.1	EPI_ISL_16093940
1a.1	EPI_ISL_16093939
1a.1	EPI_ISL_16093938
2a.3a.1	EPI_ISL_16003432
2a.3a.1	EPI_ISL_16003430
2a.3b	EPI_ISL_16003516
2a.1	EPI_ISL_16003517
2a.3	EPI_ISL_15937845
2a.3a.1	EPI_ISL_15937844
2a.3b	EPI_ISL_15937843
2a.3	EPI_ISL_15937842
2a.3	EPI_ISL_15937841
2a.3b	EPI_ISL_15937840
2a.3a.1	EPI_ISL_15937839
2a.3	EPI_ISL_15937838
2a.3	EPI_ISL_15937837
2a.1	EPI_ISL_16003423
2a	EPI_ISL_16003518
2a.3a.1	EPI_ISL_16003435
2a.1	EPI_ISL_16003509
2a.1	EPI_ISL_16003434
2a.1b	EPI_ISL_16003433
2a.1	EPI_ISL_16003515
2a.1	EPI_ISL_16003513
2a.1	EPI_ISL_16003512
2a.1	EPI_ISL_16003507
2a.1	EPI_ISL_16003428
2b	EPI_ISL_16196726
2b	EPI_ISL_16196722
2b	EPI_ISL_16199737
2b	EPI_ISL_16199736
2b	EPI_ISL_16199723
2b	EPI_ISL_16199722
2b	EPI_ISL_16199713
2b	EPI_ISL_16199711
2b	EPI_ISL_16199709
2b	EPI_ISL_16199705
2b	EPI_ISL_16199703
2b	EPI_ISL_16199683
2b	EPI_ISL_16199679
2b	EPI_ISL_16258266
2a.3a.1	EPI_ISL_16258240
2b	EPI_ISL_16258237
2b	EPI_ISL_16196716
2b	EPI_ISL_16258255
2b	EPI_ISL_16258254
2b	EPI_ISL_16196746
2b	EPI_ISL_16215292
2a.1b	EPI_ISL_16215299
2b	EPI_ISL_16182358
2a.1b	EPI_ISL_16299969
2a.1b	EPI_ISL_16269114
2a.1b	EPI_ISL_16269113
2a.1b	EPI_ISL_16268867
2a.1b	EPI_ISL_16268613
2a.1b	EPI_ISL_16268333
2a.1b	EPI_ISL_16267837
2a.1b	EPI_ISL_16267434
2a.1b	EPI_ISL_16267155
2a.1b	EPI_ISL_16266874
2a.1b	EPI_ISL_16266519
2	EPI_ISL_16205887
2a.1b	EPI_ISL_16205455
2a.1b	EPI_ISL_16204443
3C.2a1b.2a	EPI_ISL_16198124
2a	EPI_ISL_16260031
2a.3	EPI_ISL_16201344
2b	EPI_ISL_16157542
2a.3a.1	EPI_ISL_16270208
2	EPI_ISL_16305060
2a.1b	EPI_ISL_16303685
2	EPI_ISL_16259283
2	EPI_ISL_16138967
2b	EPI_ISL_16157559
2b	EPI_ISL_16157553
2b	EPI_ISL_16157551
2b	EPI_ISL_16157550
2b	EPI_ISL_16157547
2b	EPI_ISL_16157544
2b	EPI_ISL_16157543
2b	EPI_ISL_16157579
2b	EPI_ISL_16157567
2a.1b	EPI_ISL_16258230
2a.1b	EPI_ISL_16196708
2b	EPI_ISL_16196707
2b	EPI_ISL_16196699
2b	EPI_ISL_16196687
2b	EPI_ISL_16196685
2b	EPI_ISL_16196678
2b	EPI_ISL_16201369
2a.1b	EPI_ISL_16212186
2a.3a.1	EPI_ISL_16212184
2b	EPI_ISL_16212180
2b	EPI_ISL_16201222
2b	EPI_ISL_16201561
2b	EPI_ISL_16198122
2a.1	EPI_ISL_16201375
2b	EPI_ISL_16201361
2b	EPI_ISL_16199229
2b	EPI_ISL_16201340
2a.1	EPI_ISL_16201374
2b	EPI_ISL_16201552
2a.3a.1	EPI_ISL_16201579
2b	EPI_ISL_16201241
2b	EPI_ISL_16201265
2b	EPI_ISL_16201216
2b	EPI_ISL_16201589
2a.1	EPI_ISL_16201576
2a.1	EPI_ISL_16201550
2a.1	EPI_ISL_16201538
2a	EPI_ISL_16201261
2a.1	EPI_ISL_16201252
2b	EPI_ISL_16201236
2b	EPI_ISL_16201242
2b	EPI_ISL_16201521
2	EPI_ISL_16201376
2a.1	EPI_ISL_16199223
2b	EPI_ISL_16201342
2b	EPI_ISL_16201341
2b	EPI_ISL_16201470
2b	EPI_ISL_16201384
2a.3a.1	EPI_ISL_16201423
2b	EPI_ISL_16201385
2a.1	EPI_ISL_16201368
2	EPI_ISL_16199247
2b	EPI_ISL_16199245
2b	EPI_ISL_16201531
2b	EPI_ISL_16201380
2b	EPI_ISL_16201450
2b	EPI_ISL_16201654
2b	EPI_ISL_16201383
2b	EPI_ISL_16201378
2b	EPI_ISL_16201372
2a.3a.1	EPI_ISL_16199238
2b	EPI_ISL_16199133
2	EPI_ISL_16254966
2a.1b	EPI_ISL_16254963
2a.3	EPI_ISL_16201354
2b	EPI_ISL_16201348
2b	EPI_ISL_16201347
2b	EPI_ISL_16390317
2a.1b	EPI_ISL_16350784
2a.1b	EPI_ISL_16390315
2a.1b	EPI_ISL_16390306
2b	EPI_ISL_16390302
2a.1b	EPI_ISL_16350771
2	EPI_ISL_16350764
2b	EPI_ISL_16400680
2a.1	EPI_ISL_16386229
3C.2a1b.2a	EPI_ISL_16385338
2b	EPI_ISL_16311845
2b	EPI_ISL_16311841
2b	EPI_ISL_16311826
2a.3b	EPI_ISL_16383765
2a.1b	EPI_ISL_16350753
2a.3a.1	EPI_ISL_16350747
2b	EPI_ISL_16333223
2a.1	EPI_ISL_16333250
2b	EPI_ISL_16333248
2b	EPI_ISL_16333263
2b	EPI_ISL_16333247
2b	EPI_ISL_16333236
2b	EPI_ISL_16333140
2b	EPI_ISL_16380291
2b	EPI_ISL_16380281
2a.3	EPI_ISL_16380268
2b	EPI_ISL_16380208
2a.3a.1	EPI_ISL_16380204
2b	EPI_ISL_16380253
2b	EPI_ISL_16380214
2b	EPI_ISL_16380342
2b	EPI_ISL_16380341
2b	EPI_ISL_16380296
2b	EPI_ISL_16380292
2a.1b	EPI_ISL_16380216
2b	EPI_ISL_16380200
2a.1b	EPI_ISL_16380210
2b	EPI_ISL_16380209
2b	EPI_ISL_16380222
2b	EPI_ISL_16383834
2b	EPI_ISL_16380305
2b	EPI_ISL_16380293
2b	EPI_ISL_16380287
2b	EPI_ISL_16380211
2a.3a.1	EPI_ISL_16447155
2b	EPI_ISL_16384495
2b	EPI_ISL_16384453
2b	EPI_ISL_16384444
2b	EPI_ISL_16384438
2a.3	EPI_ISL_16384428
2b	EPI_ISL_16384405
2a.1b	EPI_ISL_16333240
2b	EPI_ISL_16333180
2a.1b	EPI_ISL_16333175
2a.1	EPI_ISL_16333153
2b	EPI_ISL_16384445
2a.3a.1	EPI_ISL_16333957
2a.1b	EPI_ISL_16333955
2a.1	EPI_ISL_16383829
2a.1	EPI_ISL_16383821
2a.1	EPI_ISL_16383820
2a.1	EPI_ISL_16383813
2a.1	EPI_ISL_16383788
2a.1	EPI_ISL_16383776
2a.1	EPI_ISL_16383772
2a.1	EPI_ISL_16383770
2a	EPI_ISL_16383767
3C.2	EPI_ISL_176732
3C.3a	EPI_ISL_192696
3C.2	EPI_ISL_191709
3C.2	EPI_ISL_193166
3C.2a	EPI_ISL_201303
3C.2a	EPI_ISL_202916
3C.2a	EPI_ISL_202892
3C.2a	EPI_ISL_202884
3C.3	EPI_ISL_206282
3C.2a	EPI_ISL_208627
3C.2a	EPI_ISL_209097
3C.3a	EPI_ISL_219238
3C.3a	EPI_ISL_219239
3C.2a	EPI_ISL_219125
3C.3a	EPI_ISL_222065
3C.2a1	EPI_ISL_227637
3C.2a	EPI_ISL_227639
3C.2a1	EPI_ISL_233441
3C.3a	EPI_ISL_232560
3C.2a1	EPI_ISL_230303
3C.2a1	EPI_ISL_239687
3C.2a3	EPI_ISL_239701
3C.2a	EPI_ISL_238612
3C.2a3	EPI_ISL_240790
3C.2a1	EPI_ISL_241590
3C.2a3	EPI_ISL_240836
3C.2a1	EPI_ISL_239828
3C.2a2	EPI_ISL_249207
3C.2a2	EPI_ISL_249201
3C.2a1	EPI_ISL_311692
